site,year,subsite,depth,image
HRD,2013,DW,Deep,2013-DW-HRD-DSC_0069.png
HRD,2013,R,Deep,2013-LR-HRD-DSC_0141.png
HRD,2013,R,Deep,2013-LR-HRD-DSC_0144.png
HRD,2013,R,Deep,2013-LR-HRD-DSC_0150.png
HRD,2013,R,Deep,2013-LR-HRD-DSC_0152.png
HRD,2013,R,Deep,2013-LR-HRD-DSC_0159.png
HRD,2015,DW,Deep,2015-DW-HRD-DSC_0003.png
HRD,2015,DW,Deep,2015-DW-HRD-DSC_0004.png
HRD,2015,DW,Deep,2015-DW-HRD-DSC_0009.png
HRD,2015,DW,Deep,2015-DW-HRD-DSC_0010.png
HRD,2015,DW,Deep,2015-DW-HRD-DSC_0022.png
HRD,2015,R,Deep,2015-LRB-HRD-DSC_0032.png
HRD,2015,R,Deep,2015-LRB-HRD-DSC_0034.png
HRD,2015,R,Deep,2015-LRB-HRD-DSC_0040.png
HRD,2020,DW,Deep,2020-DWB-HRDeepP205.png
HRD,2020,DW,Deep,2020-DWB-HRDeepP208.png
HRD,2020,DW,Deep,2020-DWB-HRDeepP209.png
HRD,2020,DW,Deep,2020-DWB-HRDeepP211.png
HRD,2020,R,Deep,2020-LRB-HRDeepP200.png
HRD,2020,R,Deep,2020-LRB-HRDeepP204.png
HRD,2020,R,Deep,2020-LRT-HRDeepP213.png
HRD,2020,R,Deep,2020-LRT-HRDeepP217.png
HRI,2016,VC,Mid,HRI070616VC6A7A-31f.png
HRI,2016,VS,Shallow,HRI070616VS3AB-02f.png
HRI,2016,WA,Mid,HRI070616WA3A4A-22f.png
HRI,2011,VC,Mid,HRI072511VC6A7A-866.png
HRI,2011,VC,Mid,HRI072511VC6B7B-862.png
HRI,2011,VS,Shallow,HRI072511VS8AB-893.png
HRI,2011,WA,Mid,HRI072511WA1AB-869.png
HRI,2011,WA,Mid,HRI072511WA2AB-872.png
HRI,2022,VC,Mid,HRI081622VC3AB-1256.png
HRI,2022,WA,Mid,HRI081622WA1AB-1265.png
HRI,2022,WA,Mid,HRI081622WA2AB-1268.png
HRI,2009,VC,Mid,HRI082009VC2AB-113F.png
HRI,2009,VC,Mid,HRI082009VC4AB-110F.png
HRI,2009,VC,Mid,HRI082009VC6B7B-111F.png
HRI,2009,VS,Shallow,HRI082009VS9AB-142F.png
HRI,2009,WA,Mid,HRI082009WA1AB-117F.png
HRI,2009,WA,Mid,HRI082009WA3AB-116F.png
HRI,2017,VS,Shallow,HRI082117VS3AB-2854.png
HRI,2017,WA,Mid,HRI082117WA3A4A-2721.png
HRI,2015,VC,Mid,HRI082715VC4AB117.png
HRI,2015,VS,Shallow,HRI082715VS2AB150.png
HRI,2015,VS,Shallow,HRI082715VS4AB152.png
HRI,2015,WA,Mid,HRI082715WA2AB-126.png
HRI,2015,WA,Mid,HRI082715WA3A4A-125.png
HRI,2018,VC,Mid,HRI082818VC3AB-1971f.png
HRI,2018,VS,Shallow,HRI082818VS2AB-2006f.png
HRI,2018,WA,Mid,HRI082818WA1AB-1979f.png
HRI,2018,WA,Mid,HRI082818WA4AB-1982f.png
HRI,2020,VC,Mid,HRI090820VC-P270.png
HRI,2020,VC,Mid,HRI090820VC-P271.png
HRI,2020,VS,Shallow,HRI090820VS-P320.png
HRI,2020,VS,Shallow,HRI090820VS-P322.png
HRI,2020,VS,Shallow,HRI090820VS-P326.png
HRI,2020,WA,Mid,HRI090820WA-P289.png
HRI,2014,VC,Mid,HRI091514VC6A7A-013F.png
HRI,2014,VS,Shallow,HRI091514VS6AB-034F.png
HRO,2016,VCT,Mid,HRO070616VC1AB-387f.png
HRO,2011,VDL,Mid,HRO072511VDL5AB-916.png
HRO,2023,VCB,Shallow,HRO080723VCB11AB-88.png
HRO,2023,VCB,Shallow,HRO080723VCB5AB-87.png
HRO,2023,VCT,Shallow,HRO080723VCT9AB-89.png
HRO,2009,VCB,Shallow,HRO082009VCB4AB-153F.png
HRO,2009,VCT,Shallow,HRO082009VCT1AB-152F.png
HRO,2009,VCT,Shallow,HRO082009VCT2AB-155F.png
HRO,2009,VCT,Shallow,HRO082009VCT3AB-158F.png
HRO,2009,VCT,Shallow,HRO082009VCT8AB-154F.png
HRO,2009,VCT,Shallow,HRO082009VCT9AB-157F.png
HRO,2009,VDL,Mid,HRO082009VDL8AB-168F.png
HRO,2015,VCT,Shallow,HRO082715VC7AB-160F.png
HRO,2015,VDL,Mid,HRO082715VDL5AB-175F.png
HRO,2018,VDL,Mid,HRO082818VDL8AB-027f.png
HRO,2012,VDL,Mid,HRO091012VDR2AB-79F.png
HRO,2014,VDR,Mid,HRO091514VCB5AB-069F.png
HRO,2014,VCB,Shallow,HRO091514VDL6AB-082F.png
HRO,2014,VDL,Mid,HRO091514VDL8AB-080F.png
HRO,2014,VDR,Mid,HRO091514VDR3AB-075F.png