site,year,subsite,depth,file
HRI,1990,VC,Mid,./1990 HRI/Mid/HRI9007VC1A.11.jpg
HRI,1990,VC,Mid,./1990 HRI/Mid/HRI9007VC1B.12.jpg
HRI,1990,VC,Mid,./1990 HRI/Mid/HRI9007VC2A.13.jpg
HRI,1990,VC,Mid,./1990 HRI/Mid/HRI9007VC2B.14.jpg
HRI,1990,VC,Mid,./1990 HRI/Mid/HRI9007VC3A.07.jpg
HRI,1990,VC,Mid,./1990 HRI/Mid/HRI9007VC3B.08.jpg
HRI,1990,VC,Mid,./1990 HRI/Mid/HRI9007VC4A.09.jpg
HRI,1990,VC,Mid,./1990 HRI/Mid/HRI9007VC4B.10.jpg
HRI,1990,WA,Mid,./1990 HRI/Mid/HRI9007WA1A.15.jpg
HRI,1990,WA,Mid,./1990 HRI/Mid/HRI9007WA1B.16.jpg
HRI,1990,WA,Mid,./1990 HRI/Mid/HRI9007WA2A.18.jpg
HRI,1990,WA,Mid,./1990 HRI/Mid/HRI9007WA2B.19.jpg
HRI,1990,WA,Mid,./1990 HRI/Mid/HRI9007WA3A.17.jpg
HRI,1990,WA,Mid,./1990 HRI/Mid/HRI9007WA3B.20.jpg
HRI,1990,VS,Shallow,./1990 HRI/Shallow/HRI9007VS1A.29.jpg
HRI,1990,VS,Shallow,./1990 HRI/Shallow/HRI9007VS1B.30.jpg
HRI,1990,VS,Shallow,./1990 HRI/Shallow/HRI9007VS2A.34.jpg
HRI,1990,VS,Shallow,./1990 HRI/Shallow/HRI9007VS2B.31.jpg
HRI,1990,VS,Shallow,./1990 HRI/Shallow/HRI9007VS3A.33.jpg
HRI,1990,VS,Shallow,./1990 HRI/Shallow/HRI9007VS3B.32.jpg
HRI,1990,VS,Shallow,./1990 HRI/Shallow/HRI9007VS4A.36.jpg
HRI,1990,VS,Shallow,./1990 HRI/Shallow/HRI9007VS4B.35.jpg
HRI,1990,VS,Shallow,./1990 HRI/Shallow/HRI9007VS6A.37.jpg
HRO,1990,VDR,Mid,./1990 HRO/Mid/HRO9007VD13A.34.jpg
HRO,1990,VDR,Mid,./1990 HRO/Mid/HRO9007VD13B.35.jpg
HRO,1990,VDR,Mid,./1990 HRO/Mid/HRO9007VD14A.36.jpg
HRO,1990,VDR,Mid,./1990 HRO/Mid/HRO9007VD14B.37.jpg
HRO,1990,VDR,Mid,./1990 HRO/Mid/HRO9007VD1A.26.jpg
HRO,1990,VDR,Mid,./1990 HRO/Mid/HRO9007VD1B.27.jpg
HRO,1990,VDR,Mid,./1990 HRO/Mid/HRO9007VD2A.28.jpg
HRO,1990,VDR,Mid,./1990 HRO/Mid/HRO9007VD3A.23.jpg
HRO,1990,VDR,Mid,./1990 HRO/Mid/HRO9007VD3B.24.jpg
HRO,1990,VDR,Mid,./1990 HRO/Mid/HRO9007VD4B.25.jpg
HRO,1990,VDR,Mid,./1990 HRO/Mid/HRO9007VD4C.29.jpg
HRO,1990,VDL,Mid,./1990 HRO/Mid/HRO9007VD8A.30.jpg
HRO,1990,VDL,Mid,./1990 HRO/Mid/HRO9007VD8B.31.jpg
HRO,1990,VDL,Mid,./1990 HRO/Mid/HRO9007VD9A.32.jpg
HRO,1990,VDL,Mid,./1990 HRO/Mid/HRO9007VD9B.33.jpg
HRO,1990,VCT,Shallow,./1990 HRO/Shallow/HRO9007VC1B.11.jpg
HRO,1990,VCT,Shallow,./1990 HRO/Shallow/HRO9007VC2A.14.jpg
HRO,1990,VCT,Shallow,./1990 HRO/Shallow/HRO9007VC2B.15.jpg
HRO,1990,VCT,Shallow,./1990 HRO/Shallow/HRO9007VC3A.19.jpg
HRO,1990,VCT,Shallow,./1990 HRO/Shallow/HRO9007VC3B.20.jpg
HRO,1990,VCB,Shallow,./1990 HRO/Shallow/HRO9007VC4A.12.jpg
HRO,1990,VCB,Shallow,./1990 HRO/Shallow/HRO9007VC4B.13.jpg
HRO,1990,VCB,Shallow,./1990 HRO/Shallow/HRO9007VC5A.16.jpg
HRO,1990,VCB,Shallow,./1990 HRO/Shallow/HRO9007VC5B.17.jpg
HRO,1990,VCB,Shallow,./1990 HRO/Shallow/HRO9007VC6A.21.jpg
HRO,1990,VCB,Shallow,./1990 HRO/Shallow/HRO9007VC6B.22.jpg
HRO,1990,VCT,Shallow,./1990 HRO/Shallow/HRO9007VC7A.09.jpg
HRO,1990,VCT,Shallow,./1990 HRO/Shallow/HRO9007VC7B.18.jpg
HRI,1993,VC,Mid,./1993 HRI/Mid/HRI9308VC1A.07.jpg
HRI,1993,VC,Mid,./1993 HRI/Mid/HRI9308VC1B.08.jpg
HRI,1993,VC,Mid,./1993 HRI/Mid/HRI9308VC2A.09.jpg
HRI,1993,VC,Mid,./1993 HRI/Mid/HRI9308VC2B.10.jpg
HRI,1993,VC,Mid,./1993 HRI/Mid/HRI9308VC3A.02.jpg
HRI,1993,VC,Mid,./1993 HRI/Mid/HRI9308VC3B.03.jpg
HRI,1993,VC,Mid,./1993 HRI/Mid/HRI9308VC4A.04.jpg
HRI,1993,VC,Mid,./1993 HRI/Mid/HRI9308VC4B.05.jpg
HRI,1993,VC,Mid,./1993 HRI/Mid/HRI9308VC5A.06.jpg
HRI,1993,VC,Mid,./1993 HRI/Mid/HRI9308VC5B.01.jpg
HRI,1993,WA,Mid,./1993 HRI/Mid/HRI9308WA1A.11.jpg
HRI,1993,WA,Mid,./1993 HRI/Mid/HRI9308WA1B.12.jpg
HRI,1993,WA,Mid,./1993 HRI/Mid/HRI9308WA2A.14.jpg
HRI,1993,WA,Mid,./1993 HRI/Mid/HRI9308WA2B.15.jpg
HRI,1993,WA,Mid,./1993 HRI/Mid/HRI9308WA3A.13.jpg
HRI,1993,WA,Mid,./1993 HRI/Mid/HRI9308WA3B.16.jpg
HRI,1993,VS,Shallow,./1993 HRI/Shallow/HRI9308VS1A.33.jpg
HRI,1993,VS,Shallow,./1993 HRI/Shallow/HRI9308VS1B.34.jpg
HRI,1993,VS,Shallow,./1993 HRI/Shallow/HRI9308VS2A.38.jpg
HRI,1993,VS,Shallow,./1993 HRI/Shallow/HRI9308VS2B.35.jpg
HRI,1993,VS,Shallow,./1993 HRI/Shallow/HRI9308VS3A.37.jpg
HRI,1993,VS,Shallow,./1993 HRI/Shallow/HRI9308VS3B.36.jpg
HRO,1993,VDR,Mid,./1993 HRO/Mid/HRO9308VD1A.02.jpg
HRO,1993,VDR,Mid,./1993 HRO/Mid/HRO9308VD1B.03.jpg
HRO,1993,VDR,Mid,./1993 HRO/Mid/HRO9308VD1extra.01.jpg
HRO,1993,VDR,Mid,./1993 HRO/Mid/HRO9308VD2A.04.jpg
HRO,1993,VDR,Mid,./1993 HRO/Mid/HRO9308VD2B.05.jpg
HRO,1993,VDR,Mid,./1993 HRO/Mid/HRO9308VD3A.06.jpg
HRO,1993,VDR,Mid,./1993 HRO/Mid/HRO9308VD3B.07.jpg
HRO,1993,VDR,Mid,./1993 HRO/Mid/HRO9308VD4A.08.jpg
HRO,1993,VDR,Mid,./1993 HRO/Mid/HRO9308VD4B.09.jpg
HRO,1993,VDL,Mid,./1993 HRO/Mid/HRO9308VD5A.10.jpg
HRO,1993,VDL,Mid,./1993 HRO/Mid/HRO9308VD5B.11.jpg
HRO,1993,VDL,Mid,./1993 HRO/Mid/HRO9308VD6A.12.jpg
HRO,1993,VDL,Mid,./1993 HRO/Mid/HRO9308VD6B.13.jpg
HRO,1993,VDL,Mid,./1993 HRO/Mid/HRO9308VD6extra.14.jpg
HRO,1993,VDL,Mid,./1993 HRO/Mid/HRO9308VD7A.15.jpg
HRO,1993,VDL,Mid,./1993 HRO/Mid/HRO9308VD7B.16.jpg
HRO,1993,VDL,Mid,./1993 HRO/Mid/HRO9308VD7C.17.jpg
HRO,1993,VCT,Shallow,./1993 HRO/Shallow/HRO9308VC1A.27.jpg
HRO,1993,VCT,Shallow,./1993 HRO/Shallow/HRO9308VC1B.28.jpg
HRO,1993,VCT,Shallow,./1993 HRO/Shallow/HRO9308VC2A.30.jpg
HRO,1993,VCT,Shallow,./1993 HRO/Shallow/HRO9308VC2B.31.jpg
HRO,1993,VCT,Shallow,./1993 HRO/Shallow/HRO9308VC3A.35.jpg
HRO,1993,VCT,Shallow,./1993 HRO/Shallow/HRO9308VC3B.36.jpg
HRO,1993,VCB,Shallow,./1993 HRO/Shallow/HRO9308VC4A.29.jpg
HRO,1993,VCB,Shallow,./1993 HRO/Shallow/HRO9308VC4B.39.jpg
HRO,1993,VCB,Shallow,./1993 HRO/Shallow/HRO9308VC5A.32.jpg
HRO,1993,VCB,Shallow,./1993 HRO/Shallow/HRO9308VC5B.33.jpg
HRO,1993,VCB,Shallow,./1993 HRO/Shallow/HRO9308VC6A.37.jpg
HRO,1993,VCB,Shallow,./1993 HRO/Shallow/HRO9308VC6B.38.jpg
HRO,1993,VCT,Shallow,./1993 HRO/Shallow/HRO9308VC7B.34.jpg
HRI,1994,VC,Mid,./1994 HRI/Mid/HRI9409VC1A.04.jpg
HRI,1994,VC,Mid,./1994 HRI/Mid/HRI9409VC1B.05.jpg
HRI,1994,VC,Mid,./1994 HRI/Mid/HRI9409VC2A.06.jpg
HRI,1994,VC,Mid,./1994 HRI/Mid/HRI9409VC2B.07.jpg
HRI,1994,VC,Mid,./1994 HRI/Mid/HRI9409VC3A.08.jpg
HRI,1994,VC,Mid,./1994 HRI/Mid/HRI9409VC3B.01.jpg
HRI,1994,VC,Mid,./1994 HRI/Mid/HRI9409VC4A.02.jpg
HRI,1994,VC,Mid,./1994 HRI/Mid/HRI9409VC4B.03.jpg
HRI,1994,WA,Mid,./1994 HRI/Mid/HRI9409WA1A.09.jpg
HRI,1994,WA,Mid,./1994 HRI/Mid/HRI9409WA1B.10.jpg
HRI,1994,WA,Mid,./1994 HRI/Mid/HRI9409WA2A.12_1.jpg
HRI,1994,WA,Mid,./1994 HRI/Mid/HRI9409WA2B.14_1.jpg
HRI,1994,WA,Mid,./1994 HRI/Mid/HRI9409WA3A.11_1.jpg
HRI,1994,WA,Mid,./1994 HRI/Mid/HRI9409WA3B.13_1.jpg
HRI,1994,VS,Shallow,./1994 HRI/Shallow/HRI9409VS1A.27_1.jpg
HRI,1994,VS,Shallow,./1994 HRI/Shallow/HRI9409VS1B.28_1.jpg
HRI,1994,VS,Shallow,./1994 HRI/Shallow/HRI9409VS2A.33_1.jpg
HRI,1994,VS,Shallow,./1994 HRI/Shallow/HRI9409VS2B.29_1.jpg
HRI,1994,VS,Shallow,./1994 HRI/Shallow/HRI9409VS3A.32_1.jpg
HRI,1994,VS,Shallow,./1994 HRI/Shallow/HRI9409VS3B.31_1.jpg
HRI,1994,VS,Shallow,./1994 HRI/Shallow/HRI9409VS4A.36_1.jpg
HRI,1994,VS,Shallow,./1994 HRI/Shallow/HRI9409VS4A.37_1.jpg
HRI,1994,VS,Shallow,./1994 HRI/Shallow/HRI9409VS4B.35_1.jpg
HRI,1994,VS,Shallow,./1994 HRI/Shallow/HRI9409VS5A.34_1.jpg
HRI,1994,VS,Shallow,./1994 HRI/Shallow/HRI9409VS5B.30_1.jpg
HRI,1994,VS,Shallow,./1994 HRI/Shallow/HRI9409VS6B.38_1.jpg
HRO,1994,VDR,Mid,./1994 HRO/Mid/HRO9409VD1A.25.jpg
HRO,1994,VDR,Mid,./1994 HRO/Mid/HRO9409VD1B.26.jpg
HRO,1994,VDR,Mid,./1994 HRO/Mid/HRO9409VD2A.27.jpg
HRO,1994,VDR,Mid,./1994 HRO/Mid/HRO9409VD2B.28.jpg
HRO,1994,VDR,Mid,./1994 HRO/Mid/HRO9409VD3A.30.jpg
HRO,1994,VDR,Mid,./1994 HRO/Mid/HRO9409VD3B.31.jpg
HRO,1994,VDR,Mid,./1994 HRO/Mid/HRO9409VD4A.32.jpg
HRO,1994,VDR,Mid,./1994 HRO/Mid/HRO9409VD4B.33.jpg
HRO,1994,VDL,Mid,./1994 HRO/Mid/HRO9409VDXX.24.jpg
HRO,1994,VDL,Mid,./1994 HRO/Mid/HRO9409VDXX.29.jpg
HRO,1994,VDL,Mid,./1994 HRO/Mid/HRO9409VDXX.34.jpg
HRO,1994,VDL,Mid,./1994 HRO/Mid/HRO9409VDXX.35.jpg
HRO,1994,VDL,Mid,./1994 HRO/Mid/HRO9409VDXX.36.jpg
HRO,1994,VDL,Mid,./1994 HRO/Mid/HRO9409VDXX.37.jpg
HRO,1994,VDL,Mid,./1994 HRO/Mid/HRO9409VDXX.38.jpg
HRO,1994,VCT,Shallow,./1994 HRO/Shallow/HRO9409VC1B.11.jpg
HRO,1994,VCT,Shallow,./1994 HRO/Shallow/HRO9409VC2A.14.jpg
HRO,1994,VCT,Shallow,./1994 HRO/Shallow/HRO9409VC2B.15.jpg
HRO,1994,VCT,Shallow,./1994 HRO/Shallow/HRO9409VC3A.20.jpg
HRO,1994,VCT,Shallow,./1994 HRO/Shallow/HRO9409VC3B.21.jpg
HRO,1994,VCT,Shallow,./1994 HRO/Shallow/HRO9409VC4A.12.jpg
HRO,1994,VCT,Shallow,./1994 HRO/Shallow/HRO9409VC4B.13.jpg
HRO,1994,VCB,Shallow,./1994 HRO/Shallow/HRO9409VC5A.16.jpg
HRO,1994,VCB,Shallow,./1994 HRO/Shallow/HRO9409VC5B.17.jpg
HRO,1994,VCB,Shallow,./1994 HRO/Shallow/HRO9409VC6A.22.jpg
HRO,1994,VCB,Shallow,./1994 HRO/Shallow/HRO9409VC6B.23.jpg
HRO,1994,VCT,Shallow,./1994 HRO/Shallow/HRO9409VC7A.09.jpg
HRO,1994,VCT,Shallow,./1994 HRO/Shallow/HRO9409VC7B.19.jpg
HRO,1994,VCT,Shallow,./1994 HRO/Shallow/HRO9409VC7C.18.jpg
HRI,1996,VC,Mid,./1996 HRI/Mid/HRI9608VC1B.13.jpg
HRI,1996,VC,Mid,./1996 HRI/Mid/HRI9608VC2A.14.jpg
HRI,1996,VC,Mid,./1996 HRI/Mid/HRI9608VC2B.15.jpg
HRI,1996,VC,Mid,./1996 HRI/Mid/HRI9608VC3A.08.jpg
HRI,1996,VC,Mid,./1996 HRI/Mid/HRI9608VC3B.09.jpg
HRI,1996,VC,Mid,./1996 HRI/Mid/HRI9608VC4A.10.jpg
HRI,1996,VC,Mid,./1996 HRI/Mid/HRI9608VC4B.11.jpg
HRI,1996,WA,Mid,./1996 HRI/Mid/HRI9608WA1A.16.jpg
HRI,1996,WA,Mid,./1996 HRI/Mid/HRI9608WA1B.17.jpg
HRI,1996,WA,Mid,./1996 HRI/Mid/HRI9608WA2A.20.jpg
HRI,1996,WA,Mid,./1996 HRI/Mid/HRI9608WA2B.21.jpg
HRI,1996,WA,Mid,./1996 HRI/Mid/HRI9608WA3A.18.jpg
HRI,1996,WA,Mid,./1996 HRI/Mid/HRI9608WA3B.22.jpg
HRI,1996,WA,Mid,./1996 HRI/Mid/HRI9608WA4A.19.jpg
HRI,1996,WA,Mid,./1996 HRI/Mid/HRI9608WA4B.23.jpg
HRI,1996,VS,Shallow,./1996 HRI/Shallow/HRI9608VS1A.30.jpg
HRI,1996,VS,Shallow,./1996 HRI/Shallow/HRI9608VS3A.35.jpg
HRI,1996,VS,Shallow,./1996 HRI/Shallow/HRI9608VS5A.37.jpg
HRO,1996,VDL,Mid,./1996 HRO/Mid/HRO9608VDextra.36.jpg
HRO,1996,VDL,Mid,./1996 HRO/Mid/HRO9608VDextra.37.jpg
HRO,1996,VDL,Mid,./1996 HRO/Mid/HRO9608VDextra.38.jpg
HRO,1996,VDR,Mid,./1996 HRO/Mid/HRO9608VDR1A.28.jpg
HRO,1996,VDR,Mid,./1996 HRO/Mid/HRO9608VDR1B.29.jpg
HRO,1996,VDR,Mid,./1996 HRO/Mid/HRO9608VDR2A.30.jpg
HRO,1996,VDR,Mid,./1996 HRO/Mid/HRO9608VDR2B.31.jpg
HRO,1996,VDR,Mid,./1996 HRO/Mid/HRO9608VDR3A.32.jpg
HRO,1996,VDR,Mid,./1996 HRO/Mid/HRO9608VDR3B.33.jpg
HRO,1996,VDR,Mid,./1996 HRO/Mid/HRO9608VDR4A.34.jpg
HRO,1996,VDR,Mid,./1996 HRO/Mid/HRO9608VDR4B.35.jpg
HRO,1996,VCT,Shallow,./1996 HRO/Shallow/HRO9608VC1A.17.jpg
HRO,1996,VCT,Shallow,./1996 HRO/Shallow/HRO9608VC1B.18.jpg
HRO,1996,VCT,Shallow,./1996 HRO/Shallow/HRO9608VC2A.20.jpg
HRO,1996,VCT,Shallow,./1996 HRO/Shallow/HRO9608VC2B.21.jpg
HRO,1996,VCT,Shallow,./1996 HRO/Shallow/HRO9608VC3A.25.jpg
HRO,1996,VCT,Shallow,./1996 HRO/Shallow/HRO9608VC3B.26.jpg
HRO,1996,VCB,Shallow,./1996 HRO/Shallow/HRO9608VC4A.19.jpg
HRO,1996,VCB,Shallow,./1996 HRO/Shallow/HRO9608VC5A.22.jpg
HRO,1996,VCB,Shallow,./1996 HRO/Shallow/HRO9608VC5B.23.jpg
HRO,1996,VCB,Shallow,./1996 HRO/Shallow/HRO9608VC6A.27.jpg
HRO,1996,VCT,Shallow,./1996 HRO/Shallow/HRO9608VC7A.16.jpg
HRO,1996,VCT,Shallow,./1996 HRO/Shallow/HRO9608VC7B.24.jpg
HRI,1997,VC,Mid,./1997 HRI/Mid/HRI9709VC1A.22.jpg
HRI,1997,VC,Mid,./1997 HRI/Mid/HRI9709VC1B.23.jpg
HRI,1997,VC,Mid,./1997 HRI/Mid/HRI9709VC2A.24.jpg
HRI,1997,VC,Mid,./1997 HRI/Mid/HRI9709VC2B.25.jpg
HRI,1997,VC,Mid,./1997 HRI/Mid/HRI9709VC3A.18.jpg
HRI,1997,VC,Mid,./1997 HRI/Mid/HRI9709VC3B.19.jpg
HRI,1997,VC,Mid,./1997 HRI/Mid/HRI9709VC4A.20.jpg
HRI,1997,VC,Mid,./1997 HRI/Mid/HRI9709VC4B.21.jpg
HRI,1997,WA,Mid,./1997 HRI/Mid/HRI9709WA1A.12.jpg
HRI,1997,WA,Mid,./1997 HRI/Mid/HRI9709WA1B.13.jpg
HRI,1997,WA,Mid,./1997 HRI/Mid/HRI9709WA2A.15.jpg
HRI,1997,WA,Mid,./1997 HRI/Mid/HRI9709WA2B.16.jpg
HRI,1997,WA,Mid,./1997 HRI/Mid/HRI9709WA3A.14.jpg
HRI,1997,WA,Mid,./1997 HRI/Mid/HRI9709WA3B.17.jpg
HRI,1997,VS,Shallow,./1997 HRI/Shallow/HRI9709VS1A.34.jpg
HRI,1997,VS,Shallow,./1997 HRI/Shallow/HRI9709VS1B.35.jpg
HRI,1997,VS,Shallow,./1997 HRI/Shallow/HRI9709VS2B.36.jpg
HRI,1997,VS,Shallow,./1997 HRI/Shallow/HRI9709VS3A.39.jpg
HRI,1997,VS,Shallow,./1997 HRI/Shallow/HRI9709VS3B.38.jpg
HRO,1997,VDR,Mid,./1997 HRO/Mid/HRO9709VD1A.26.jpg
HRO,1997,VDR,Mid,./1997 HRO/Mid/HRO9709VD1B.25.jpg
HRO,1997,VDR,Mid,./1997 HRO/Mid/HRO9709VD2A.24.jpg
HRO,1997,VDR,Mid,./1997 HRO/Mid/HRO9709VD2B.23.jpg
HRO,1997,VDR,Mid,./1997 HRO/Mid/HRO9709VD3A.30.jpg
HRO,1997,VDR,Mid,./1997 HRO/Mid/HRO9709VD3B.29.jpg
HRO,1997,VDR,Mid,./1997 HRO/Mid/HRO9709VD4A.28.jpg
HRO,1997,VDR,Mid,./1997 HRO/Mid/HRO9709VD4B.27.jpg
HRO,1997,VCT,Shallow,./1997 HRO/Shallow/HRO9709VC1B.11.jpg
HRO,1997,VCT,Shallow,./1997 HRO/Shallow/HRO9709VC2A.14.jpg
HRO,1997,VCT,Shallow,./1997 HRO/Shallow/HRO9709VC2B.15.jpg
HRO,1997,VCT,Shallow,./1997 HRO/Shallow/HRO9709VC3A.19.jpg
HRO,1997,VCT,Shallow,./1997 HRO/Shallow/HRO9709VC3B.20.jpg
HRO,1997,VCB,Shallow,./1997 HRO/Shallow/HRO9709VC4A.12.jpg
HRO,1997,VCB,Shallow,./1997 HRO/Shallow/HRO9709VC4B.13.jpg
HRO,1997,VCB,Shallow,./1997 HRO/Shallow/HRO9709VC5A.16.jpg
HRO,1997,VCB,Shallow,./1997 HRO/Shallow/HRO9709VC5B.17.jpg
HRO,1997,VCB,Shallow,./1997 HRO/Shallow/HRO9709VC6A.21.jpg
HRO,1997,VCB,Shallow,./1997 HRO/Shallow/HRO9709VC6B.22.jpg
HRO,1997,VCT,Shallow,./1997 HRO/Shallow/HRO9709VC7A.09.jpg
HRO,1997,VCT,Shallow,./1997 HRO/Shallow/HRO9709VC7B.18.jpg
HRI,1998,VC,Mid,./1998 HRI/Mid/HRI9808VC1AB.06.jpg
HRI,1998,VC,Mid,./1998 HRI/Mid/HRI9808VC2AB.07.jpg
HRI,1998,VC,Mid,./1998 HRI/Mid/HRI9808VC3AB.04.jpg
HRI,1998,VC,Mid,./1998 HRI/Mid/HRI9808VC4AB.05.jpg
HRI,1998,WA,Mid,./1998 HRI/Mid/HRI9808WA1AB.08.jpg
HRI,1998,WA,Mid,./1998 HRI/Mid/HRI9808WA2AB.10.jpg
HRI,1998,WA,Mid,./1998 HRI/Mid/HRI9808WA3A4A.09.jpg
HRI,1998,WA,Mid,./1998 HRI/Mid/HRI9808WA3B4B.11.jpg
HRI,1998,VS,Shallow,./1998 HRI/Shallow/HRI9808VS1AB.16.jpg
HRI,1998,VS,Shallow,./1998 HRI/Shallow/HRI9808VS2B5B.17.jpg
HRI,1998,VS,Shallow,./1998 HRI/Shallow/HRI9808VS3AB.18.jpg
HRO,1998,VDL,Mid,./1998 HRO/Mid/HRO9808VDL5AB.19.jpg
HRO,1998,VDL,Mid,./1998 HRO/Mid/HRO9808VDL6AB.20.jpg
HRO,1998,VDL,Mid,./1998 HRO/Mid/HRO9808VDL6CD.21.jpg
HRO,1998,VDR,Mid,./1998 HRO/Mid/HRO9808VDR1AB.13.jpg
HRO,1998,VDR,Mid,./1998 HRO/Mid/HRO9808VDR2AB.14.jpg
HRO,1998,VDR,Mid,./1998 HRO/Mid/HRO9808VDR2CX.15.jpg
HRO,1998,VDR,Mid,./1998 HRO/Mid/HRO9808VDR3AB.16.jpg
HRO,1998,VDR,Mid,./1998 HRO/Mid/HRO9808VDR4AB.17.jpg
HRO,1998,VDR,Mid,./1998 HRO/Mid/HRO9808VDR4CX.18.jpg
HRO,1998,VCT,Shallow,./1998 HRO/Shallow/HRO9808VC1A7A.05.jpg
HRO,1998,VCT,Shallow,./1998 HRO/Shallow/HRO9808VC1AB.06.jpg
HRO,1998,VCT,Shallow,./1998 HRO/Shallow/HRO9808VC2AB.09.jpg
HRO,1998,VCT,Shallow,./1998 HRO/Shallow/HRO9808VC3A7B.10.jpg
HRO,1998,VCT,Shallow,./1998 HRO/Shallow/HRO9808VC3B6A.11.jpg
HRO,1998,VCB,Shallow,./1998 HRO/Shallow/HRO9808VC4B8A.07.jpg
HRO,1998,VCB,Shallow,./1998 HRO/Shallow/HRO9808VC6BC.12.jpg
HRO,1998,VCT,Shallow,./1998 HRO/Shallow/HRO9808VCNG2A.08.jpg
HRI,1999,VC,Mid,./1999 HRI/Mid/HRI082399VC1AB-5.jpg
HRI,1999,VC,Mid,./1999 HRI/Mid/HRI082399VC2AB-6.jpg
HRI,1999,VC,Mid,./1999 HRI/Mid/HRI082399VC3AB-3.jpg
HRI,1999,VC,Mid,./1999 HRI/Mid/HRI082399VC4AB-4.jpg
HRI,1999,WA,Mid,./1999 HRI/Mid/HRI082399WA1AB-9.jpg
HRI,1999,WA,Mid,./1999 HRI/Mid/HRI082399WA2AB-7.jpg
HRI,1999,WA,Mid,./1999 HRI/Mid/HRI082399WA3A4A-10.jpg
HRI,1999,WA,Mid,./1999 HRI/Mid/HRI082399WA3B4B-8.jpg
HRI,1999,VS,Shallow,./1999 HRI/Shallow/HRI082399VS1AB-17.jpg
HRI,1999,VS,Shallow,./1999 HRI/Shallow/HRI082399VS2A5A-20.jpg
HRI,1999,VS,Shallow,./1999 HRI/Shallow/HRI082399VS2B5B-18.jpg
HRI,1999,VS,Shallow,./1999 HRI/Shallow/HRI082399VS3BA-19.jpg
HRI,1999,VS,Shallow,./1999 HRI/Shallow/HRI082399VS4AB-21.jpg
HRI,1999,VS,Shallow,./1999 HRI/Shallow/HRI082399VS6AB-22.jpg
HRO,1999,VDL,Mid,./1999 HRO/Mid/HRO082399VDL5AB-18.jpg
HRO,1999,VDL,Mid,./1999 HRO/Mid/HRO082399VDL6AB-17.jpg
HRO,1999,VDL,Mid,./1999 HRO/Mid/HRO082399VDL7AB-20.jpg
HRO,1999,VDL,Mid,./1999 HRO/Mid/HRO082399VDL7CD-19.jpg
HRO,1999,VDR,Mid,./1999 HRO/Mid/HRO082399VDR1AB-13.jpg
HRO,1999,VDR,Mid,./1999 HRO/Mid/HRO082399VDR2AB-14.jpg
HRO,1999,VDR,Mid,./1999 HRO/Mid/HRO082399VDR3AB-15.jpg
HRO,1999,VDR,Mid,./1999 HRO/Mid/HRO082399VDR4AB-16.jpg
HRO,1999,VCT,Shallow,./1999 HRO/Shallow/HRO082399VC3AB-11.jpg
HRO,1999,VCB,Shallow,./1999 HRO/Shallow/HRO082399VC5AB-9.jpg
HRO,1999,VCB,Shallow,./1999 HRO/Shallow/HRO082399VC6AB-12.jpg
HRO,1999,VCB,Shallow,./1999 HRO/Shallow/HRO082399VC7BA-5.jpg
HRO,1999,VCT,Shallow,./1999 HRO/Shallow/HRO082399VC8AB-8.jpg
HRO,1999,VCT,Shallow,./1999 HRO/Shallow/HRO082399VC9BA-10.jpg
HRI,2000,VC,Mid,./2000 HRI/Mid/HRI0009VC11AB-20.jpg
HRI,2000,VC,Mid,./2000 HRI/Mid/HRI0009VC1AB-07.jpg
HRI,2000,VC,Mid,./2000 HRI/Mid/HRI0009VC2AB-08.jpg
HRI,2000,VC,Mid,./2000 HRI/Mid/HRI0009VC3AB-04.jpg
HRI,2000,VC,Mid,./2000 HRI/Mid/HRI0009VC4AB-05.jpg
HRI,2000,VC,Mid,./2000 HRI/Mid/HRI0009VC6A7A-09.jpg
HRI,2000,VC,Mid,./2000 HRI/Mid/HRI0009VC6B7B-06.jpg
HRI,2000,WA,Mid,./2000 HRI/Mid/HRI0009WA1AB-10.jpg
HRI,2000,WA,Mid,./2000 HRI/Mid/HRI0009WA2AB-12.jpg
HRI,2000,WA,Mid,./2000 HRI/Mid/HRI0009WA3A4A-11.jpg
HRI,2000,WA,Mid,./2000 HRI/Mid/HRI0009WA3B4B-13.jpg
HRI,2000,VS,Shallow,./2000 HRI/Shallow/HRI0009VS12AB-21.jpg
HRI,2000,VS,Shallow,./2000 HRI/Shallow/HRI0009VS1AB-22.jpg
HRI,2000,VS,Shallow,./2000 HRI/Shallow/HRI0009VS2A5A-25.jpg
HRI,2000,VS,Shallow,./2000 HRI/Shallow/HRI0009VS2B5B-23.jpg
HRI,2000,VS,Shallow,./2000 HRI/Shallow/HRI0009VS3AB-24.jpg
HRI,2003,VC,Mid,./2003 HRI/Mid/HRI091503VC1BA-19.JPG
HRI,2003,VC,Mid,./2003 HRI/Mid/HRI091503VC2BA-20.JPG
HRI,2003,VC,Mid,./2003 HRI/Mid/HRI091503VC3BA-16.JPG
HRI,2003,VC,Mid,./2003 HRI/Mid/HRI091503VC4BA-17.JPG
HRI,2003,VC,Mid,./2003 HRI/Mid/HRI091503VC7A6A-21.JPG
HRI,2003,VC,Mid,./2003 HRI/Mid/HRI091503VC7B6B-18.JPG
HRI,2003,WA,Mid,./2003 HRI/Mid/HRI091503WA1BA-23.JPG
HRI,2003,WA,Mid,./2003 HRI/Mid/HRI091503WA2BA-24.JPG
HRI,2003,WA,Mid,./2003 HRI/Mid/HRI091503WA4A3A-22.JPG
HRI,2003,WA,Mid,./2003 HRI/Mid/HRI091503WA4B3B-25.JPG
HRI,2003,VS,Shallow,./2003 HRI/Shallow/HRI091503VS1AB-32.JPG
HRI,2003,VS,Shallow,./2003 HRI/Shallow/HRI091503VS2A5A-35.JPG
HRI,2003,VS,Shallow,./2003 HRI/Shallow/HRI091503VS2B5B-33.JPG
HRI,2003,VS,Shallow,./2003 HRI/Shallow/HRI091503VS3BA-34.JPG
HRI,2003,VS,Shallow,./2003 HRI/Shallow/HRI091503VS4AB-30.JPG
HRI,2003,VS,Shallow,./2003 HRI/Shallow/HRI091503VS6AB-31.JPG
HRO,2003,VDR,Mid,./2003 HRO/Mid/HRO09xx03VDRXXX-39.JPG
HRO,2003,VDR,Mid,./2003 HRO/Mid/HRO09xx03VDRXXX-40.JPG
HRO,2003,VDR,Mid,./2003 HRO/Mid/HRO09xx03VDRXXX-41.JPG
HRO,2003,VDR,Mid,./2003 HRO/Mid/HRO09xx03VDRXXX-42.JPG
HRO,2003,VDR,Mid,./2003 HRO/Mid/HRO09xx03VDRXXX-45.JPG
HRO,2003,VCB,Shallow,./2003 HRO/Shallow/HRO09xx03VCBXXX-26.JPG
HRO,2003,VCB,Shallow,./2003 HRO/Shallow/HRO09xx03VCBXXX-27.JPG
HRO,2003,VCB,Shallow,./2003 HRO/Shallow/HRO09xx03VCBXXX-28.JPG
HRO,2003,VCB,Shallow,./2003 HRO/Shallow/HRO09xx03VCBXXX-29.JPG
HRO,2003,VCB,Shallow,./2003 HRO/Shallow/HRO09xx03VCBXXX-30.JPG
HRO,2003,VCB,Shallow,./2003 HRO/Shallow/HRO09xx03VCBXXX-31.JPG
HRO,2003,VCB,Shallow,./2003 HRO/Shallow/HRO09xx03VCBXXX-32.JPG
HRO,2003,VCB,Shallow,./2003 HRO/Shallow/HRO09xx03VCBXXX-33.JPG
HRO,2003,VCB,Shallow,./2003 HRO/Shallow/HRO09xx03VCBXXX-34.JPG
HRO,2003,VCB,Shallow,./2003 HRO/Shallow/HRO09xx03VCBXXX-35.JPG
HRO,2003,VCT,Shallow,./2003 HRO/Shallow/HRO09xx03VCTXXX-11.JPG
HRO,2003,VCT,Shallow,./2003 HRO/Shallow/HRO09xx03VCTXXX-12.JPG
HRO,2003,VCT,Shallow,./2003 HRO/Shallow/HRO09xx03VCTXXX-13.JPG
HRO,2003,VCT,Shallow,./2003 HRO/Shallow/HRO09xx03VCTXXX-14.JPG
HRO,2003,VCT,Shallow,./2003 HRO/Shallow/HRO09xx03VCTXXX-15.JPG
HRO,2003,VCT,Shallow,./2003 HRO/Shallow/HRO09xx03VCTXXX-16.JPG
HRO,2003,VCT,Shallow,./2003 HRO/Shallow/HRO09xx03VCTXXX-17.JPG
HRO,2003,VCT,Shallow,./2003 HRO/Shallow/HRO09xx03VCTXXX-18.JPG
HRO,2003,VCT,Shallow,./2003 HRO/Shallow/HRO09xx03VCTXXX-19.JPG
HRO,2003,VCT,Shallow,./2003 HRO/Shallow/HRO09xx03VCTXXX-20.JPG
HRO,2003,VCT,Shallow,./2003 HRO/Shallow/HRO09xx03VCTXXX-21.JPG
HRO,2003,VCT,Shallow,./2003 HRO/Shallow/HRO09xx03VCTXXX-22.JPG
HRO,2003,VCT,Shallow,./2003 HRO/Shallow/HRO09xx03VCTXXX-23.JPG
HRO,2003,VCT,Shallow,./2003 HRO/Shallow/HRO09xx03VCTXXX-24.JPG
HRO,2003,VCT,Shallow,./2003 HRO/Shallow/HRO09xx03VCTXXX-25.JPG
HRI,2005,VC,Mid,./2005 HRI/Mid/HRI080805VC1AB-10.JPG
HRI,2005,VC,Mid,./2005 HRI/Mid/HRI080805VC2AB-11.JPG
HRI,2005,VC,Mid,./2005 HRI/Mid/HRI080805VC3AB-6.JPG
HRI,2005,VC,Mid,./2005 HRI/Mid/HRI080805VC4AB-7.JPG
HRI,2005,VC,Mid,./2005 HRI/Mid/HRI080805VC6A7A-12.JPG
HRI,2005,VC,Mid,./2005 HRI/Mid/HRI080805VC6B7B-8.JPG
HRI,2005,WA,Mid,./2005 HRI/Mid/HRI080805WA1AB-13.JPG
HRI,2005,WA,Mid,./2005 HRI/Mid/HRI080805WA2AB-15.JPG
HRI,2005,WA,Mid,./2005 HRI/Mid/HRI080805WA3A4A-14.JPG
HRI,2005,WA,Mid,./2005 HRI/Mid/HRI080805WA3B4B-16.JPG
HRI,2005,VS,Shallow,./2005 HRI/Shallow/HRI080805VS1AB-23.JPG
HRI,2005,VS,Shallow,./2005 HRI/Shallow/HRI080805VS3AB-25.JPG
HRI,2005,VS,Shallow,./2005 HRI/Shallow/HRI080805VS4AB-21.JPG
HRI,2005,VS,Shallow,./2005 HRI/Shallow/HRI080805VS5A2A-26.JPG
HRI,2005,VS,Shallow,./2005 HRI/Shallow/HRI080805VS5B2B-24.JPG
HRI,2005,VS,Shallow,./2005 HRI/Shallow/HRI080805VS6AB-22.JPG
HRO,2005,VDL,Mid,./2005 HRO/Mid/HRO0808050VDL5AB-22.JPG
HRO,2005,VDL,Mid,./2005 HRO/Mid/HRO0808050VDL6AB-21.JPG
HRO,2005,VDL,Mid,./2005 HRO/Mid/HRO0808050VDL7AB-24.JPG
HRO,2005,VDL,Mid,./2005 HRO/Mid/HRO0808050VDL7CD-23.JPG
HRO,2005,VDR,Mid,./2005 HRO/Mid/HRO0808050VDR1AB-17.JPG
HRO,2005,VDR,Mid,./2005 HRO/Mid/HRO0808050VDR2AB-18.JPG
HRO,2005,VDR,Mid,./2005 HRO/Mid/HRO0808050VDR3AB-19.JPG
HRO,2005,VDR,Mid,./2005 HRO/Mid/HRO0808050VDR4AB-20.JPG
HRO,2005,VCT,Shallow,./2005 HRO/Shallow/HRO0808050VC1AB-6.JPG
HRO,2005,VCT,Shallow,./2005 HRO/Shallow/HRO0808050VC2AB-10.JPG
HRO,2005,VCT,Shallow,./2005 HRO/Shallow/HRO0808050VC3AB-14.JPG
HRO,2005,VCT,Shallow,./2005 HRO/Shallow/HRO0808050VC4AB-7.JPG
HRO,2005,VCB,Shallow,./2005 HRO/Shallow/HRO0808050VC5AB-11.JPG
HRO,2005,VCB,Shallow,./2005 HRO/Shallow/HRO0808050VC6AB-15.JPG
HRO,2005,VCT,Shallow,./2005 HRO/Shallow/HRO0808050VC7AB-5.JPG
HRO,2005,VCT,Shallow,./2005 HRO/Shallow/HRO0808050VC8AB-9.JPG
HRO,2005,VCT,Shallow,./2005 HRO/Shallow/HRO0808050VC9AB-13.JPG
HRI,2007,VC,Mid,./2007 HRI/Mid/HRI083007VC1-8.JPG
HRI,2007,VC,Mid,./2007 HRI/Mid/HRI083007VC2-9.JPG
HRI,2007,VC,Mid,./2007 HRI/Mid/HRI083007VC3-5.JPG
HRI,2007,VC,Mid,./2007 HRI/Mid/HRI083007VC4-6.JPG
HRI,2007,VC,Mid,./2007 HRI/Mid/HRI083007VC6A7A-10.JPG
HRI,2007,VC,Mid,./2007 HRI/Mid/HRI083007VC6B7B-7.JPG
HRI,2007,WA,Mid,./2007 HRI/Mid/HRI083007WA1-12.JPG
HRI,2007,WA,Mid,./2007 HRI/Mid/HRI083007WA2-14.JPG
HRI,2007,WA,Mid,./2007 HRI/Mid/HRI083007WA5A6A-11.JPG
HRI,2007,WA,Mid,./2007 HRI/Mid/HRI083007WA5B6B-13.JPG
HRI,2007,VS,Shallow,./2007 HRI/Shallow/HRI083007VS1-21.JPG
HRI,2007,VS,Shallow,./2007 HRI/Shallow/HRI083007VS3-23.JPG
HRI,2007,VS,Shallow,./2007 HRI/Shallow/HRI083007VS4-19.JPG
HRI,2007,VS,Shallow,./2007 HRI/Shallow/HRI083007VS5A2A-24.JPG
HRI,2007,VS,Shallow,./2007 HRI/Shallow/HRI083007VS5B2B-22.JPG
HRI,2007,VS,Shallow,./2007 HRI/Shallow/HRI083007VS6-20.JPG
HRO,2007,VDL,Mid,./2007 HRO/Mid/HRO083007VDL5-22.JPG
HRO,2007,VDL,Mid,./2007 HRO/Mid/HRO083007VDL6-23.JPG
HRO,2007,VDL,Mid,./2007 HRO/Mid/HRO083007VDL7-24.JPG
HRO,2007,VDL,Mid,./2007 HRO/Mid/HRO083007VDL8-25.JPG
HRO,2007,VDL,Mid,./2007 HRO/Mid/HRO083007VDLextra1-28.JPG
HRO,2007,VDL,Mid,./2007 HRO/Mid/HRO083007VDLextra2-27.JPG
HRO,2007,VDL,Mid,./2007 HRO/Mid/HRO083007VDLextra3-26.JPG
HRO,2007,VDR,Mid,./2007 HRO/Mid/HRO083007VDR1-18.JPG
HRO,2007,VDR,Mid,./2007 HRO/Mid/HRO083007VDR2-19.JPG
HRO,2007,VDR,Mid,./2007 HRO/Mid/HRO083007VDR3-20.JPG
HRO,2007,VDR,Mid,./2007 HRO/Mid/HRO083007VDR4-21.JPG
HRO,2007,VCB,Shallow,./2007 HRO/Shallow/HRO083007VCB4-11.JPG
HRO,2007,VCB,Shallow,./2007 HRO/Shallow/HRO083007VCB5-14.JPG
HRO,2007,VCB,Shallow,./2007 HRO/Shallow/HRO083007VCB6-17.JPG
HRO,2007,VCB,Shallow,./2007 HRO/Shallow/HRO083007VCBextra1-29.JPG
HRO,2007,VCB,Shallow,./2007 HRO/Shallow/HRO083007VCBextra2-30.JPG
HRO,2007,VCB,Shallow,./2007 HRO/Shallow/HRO083007VCBextra3-31.JPG
HRO,2007,VCT,Shallow,./2007 HRO/Shallow/HRO083007VCT1-10.JPG
HRO,2007,VCT,Shallow,./2007 HRO/Shallow/HRO083007VCT2-13.JPG
HRO,2007,VCT,Shallow,./2007 HRO/Shallow/HRO083007VCT3-16.JPG
HRO,2007,VCT,Shallow,./2007 HRO/Shallow/HRO083007VCT7-9.JPG
HRO,2007,VCT,Shallow,./2007 HRO/Shallow/HRO083007VCT8-12.JPG
HRO,2007,VCT,Shallow,./2007 HRO/Shallow/HRO083007VCT9-15.JPG
HRO,2007,VCT,Shallow,./2007 HRO/Shallow/HRO083007VCTextra1-32.JPG
HRO,2007,VCT,Shallow,./2007 HRO/Shallow/HRO083007VCTextra2-33.JPG
HRO,2007,VCT,Shallow,./2007 HRO/Shallow/HRO083007VCTextra3-34.JPG