site,year,depth,subsite,image
HRI,2009,Mid,VC,2009/HRI/Mid/HRI082009VC1AB/112F.png
HRI,2009,Mid,VC,2009/HRI/Mid/HRI082009VC2AB/113F.png
HRI,2009,Mid,VC,2009/HRI/Mid/HRI082009VC3AB/109fF.png
HRI,2009,Mid,VC,2009/HRI/Mid/HRI082009VC4AB/110F.png
HRI,2009,Mid,VC,2009/HRI/Mid/HRI082009VC6A7A/114F.png
HRI,2009,Mid,VC,2009/HRI/Mid/HRI082009VC6B7B/111F.png
HRI,2009,Mid,WA,2009/HRI/Mid/HRI082009WA1AB/117F.png
HRI,2009,Mid,WA,2009/HRI/Mid/HRI082009WA2AB/115F.png
HRI,2009,Mid,WA,2009/HRI/Mid/HRI082009WA3AB/116F.png
HRI,2009,Mid,WA,2009/HRI/Mid/HRI082009WA4AB/118F.png
HRI,2009,Shallow,VS,2009/HRI/Shallow/HRI082009VS1AB/135F.png
HRI,2009,Shallow,VS,2009/HRI/Shallow/HRI082009VS2AB/136F.png
HRI,2009,Shallow,VS,2009/HRI/Shallow/HRI082009VS3AB/138F.png
HRI,2009,Shallow,VS,2009/HRI/Shallow/HRI082009VS4AB/132F.png
HRI,2009,Shallow,VS,2009/HRI/Shallow/HRI082009VS5AB/139F.png
HRI,2009,Shallow,VS,2009/HRI/Shallow/HRI082009VS5AB/140F.png
HRI,2009,Shallow,VS,2009/HRI/Shallow/HRI082009VS6AB/133F.png
HRI,2009,Shallow,VS,2009/HRI/Shallow/HRI082009VS7AB/134F.png
HRI,2009,Shallow,VS,2009/HRI/Shallow/HRI082009VS8AB/137F.png
HRI,2009,Shallow,VS,2009/HRI/Shallow/HRI082009VS9AB/142F.png
HRI,2009,Shallow,VS,2009/HRI/Shallow/HRI082009VSextra/141F.png
HRO,2009,Mid,VDL,2009/HRO/Mid/HRO082009VDL5AB/165F.png
HRO,2009,Mid,VDL,2009/HRO/Mid/HRO082009VDL6AB/166F.png
HRO,2009,Mid,VDL,2009/HRO/Mid/HRO082009VDL7AB/167F.png
HRO,2009,Mid,VDL,2009/HRO/Mid/HRO082009VDL8AB/168F.png
HRO,2009,Mid,VDR,2009/HRO/Mid/HRO082009VDR1AB/160F.png
HRO,2009,Mid,VDR,2009/HRO/Mid/HRO082009VDR2AB/161F.png
HRO,2009,Mid,VDR,2009/HRO/Mid/HRO082009VDR3AB/162F.png
HRO,2009,Mid,VDR,2009/HRO/Mid/HRO082009VDR4AB/164F.png
HRO,2009,Shallow,VCB,2009/HRO/Shallow/HRO082009VCB4AB/153F.png
HRO,2009,Shallow,VCB,2009/HRO/Shallow/HRO082009VCB5AB/156F.png
HRO,2009,Shallow,VCB,2009/HRO/Shallow/HRO082009VCB6AB/159F.png
HRO,2009,Shallow,VCT,2009/HRO/Shallow/HRO082009VCT1AB/152F.png
HRO,2009,Shallow,VCT,2009/HRO/Shallow/HRO082009VCT2AB/155F.png
HRO,2009,Shallow,VCT,2009/HRO/Shallow/HRO082009VCT3AB/158F.png
HRO,2009,Shallow,VCT,2009/HRO/Shallow/HRO082009VCT7AB/151F.png
HRO,2009,Shallow,VCT,2009/HRO/Shallow/HRO082009VCT8AB/154F.png
HRO,2009,Shallow,VCT,2009/HRO/Shallow/HRO082009VCT9AB/157F.png
HRI,2011,Mid,VC,2011/HRI/Mid/HRI072511VC1AB/864.png
HRI,2011,Mid,VC,2011/HRI/Mid/HRI072511VC2AB/865.png
HRI,2011,Mid,VC,2011/HRI/Mid/HRI072511VC3AB/860.png
HRI,2011,Mid,VC,2011/HRI/Mid/HRI072511VC4AB/861.png
HRI,2011,Mid,VC,2011/HRI/Mid/HRI072511VC6A7A/866.png
HRI,2011,Mid,VC,2011/HRI/Mid/HRI072511VC6B7B/862.png
HRI,2011,Mid,WA,2011/HRI/Mid/HRI072511WA1AB/869.png
HRI,2011,Mid,WA,2011/HRI/Mid/HRI072511WA2AB/872.png
HRI,2011,Mid,WA,2011/HRI/Mid/HRI072511WA3A4A/870.png
HRI,2011,Mid,WA,2011/HRI/Mid/HRI072511WA3B4B/873.png
HRI,2011,Shallow,VS,2011/HRI/Shallow/HRI072511VS1AB/891.png
HRI,2011,Shallow,VS,2011/HRI/Shallow/HRI072511VS2AB/892.png
HRI,2011,Shallow,VS,2011/HRI/Shallow/HRI072511VS4AB/888.png
HRI,2011,Shallow,VS,2011/HRI/Shallow/HRI072511VS6AB/889.png
HRI,2011,Shallow,VS,2011/HRI/Shallow/HRI072511VS7AB/890.png
HRI,2011,Shallow,VS,2011/HRI/Shallow/HRI072511VS8AB/893.png
HRO,2011,Mid,VDL,2011/HRO/Mid/HRO072511VDL5AB/916.png
HRO,2011,Mid,VDL,2011/HRO/Mid/HRO072511VDL6AB/917.png
HRO,2011,Mid,VDL,2011/HRO/Mid/HRO072511VDL8AB/919.png
HRO,2011,Mid,VDL,2011/HRO/Mid/HRO072511VDR1AB/912.png
HRO,2011,Mid,VDR,2011/HRO/Mid/HRO072511VDR2AB/913.png
HRO,2011,Mid,VDR,2011/HRO/Mid/HRO072511VDR3AB/914.png
HRO,2011,Mid,VDR,2011/HRO/Mid/HRO072511VDR4AB/915.png
HRO,2011,Mid,VDL,2011/HRO/Mid/HRO072511VDl7AB/918.png
HRO,2011,Shallow,VCB,2011/HRO/Shallow/HRO072511VCB4AB/905.png
HRO,2011,Shallow,VCB,2011/HRO/Shallow/HRO072511VCB5AB/908.png
HRO,2011,Shallow,VCB,2011/HRO/Shallow/HRO072511VCB6AB/911.png
HRO,2011,Shallow,VCT,2011/HRO/Shallow/HRO072511VCT1AB/904.png
HRO,2011,Shallow,VCT,2011/HRO/Shallow/HRO072511VCT2AB/907.png
HRO,2011,Shallow,VCT,2011/HRO/Shallow/HRO072511VCT3AB/910.png
HRO,2011,Shallow,VCT,2011/HRO/Shallow/HRO072511VCT7AB/903.png
HRO,2011,Shallow,VCT,2011/HRO/Shallow/HRO072511VCT8AB/906.png
HRO,2011,Shallow,VCT,2011/HRO/Shallow/HRO072511VCT9AB/909.png
HRO,2012,Mid,VDR,2012/HRO/Mid/HRO091012VDR2AB/79F.png
HRO,2012,Mid,VDR,2012/HRO/Mid/HRO091012VDR3AB/80F.png
HRO,2012,Mid,VDR,2012/HRO/Mid/HRO091012VDR4AB/84F.png
HRD,2013,Deep,DW,2013/DW/HRD/DSC/0063.png
HRD,2013,Deep,DW,2013/DW/HRD/DSC/0064.png
HRD,2013,Deep,DW,2013/DW/HRD/DSC/0066.png
HRD,2013,Deep,DW,2013/DW/HRD/DSC/0068.png
HRD,2013,Deep,DW,2013/DW/HRD/DSC/0069.png
HRD,2013,Deep,DW,2013/DW/HRD/DSC/0070.png
HRD,2013,Deep,DW,2013/DW/HRD/DSC/0071.png
HRD,2013,Deep,DW,2013/DW/HRD/DSC/0072.png
HRD,2013,Deep,DW,2013/DW/HRD/DSC/0073.png
HRD,2013,Deep,DW,2013/DW/HRD/DSC/0074.png
HRD,2013,Deep,DW,2013/DW/HRD/DSC/0075.png
HRD,2013,Deep,DW,2013/DW/HRD/DSC/0076.png
HRD,2013,Deep,DW,2013/DW/HRD/DSC/0078.png
HRD,2013,Deep,DW,2013/DW/HRD/DSC/0079.png
HRD,2013,Deep,DW,2013/DW/HRD/DSC/0080.png
HRD,2013,Deep,DW,2013/DW/HRD/DSC/0081.png
HRD,2013,Deep,R,2013/LR/HRD/DSC/0140.png
HRD,2013,Deep,R,2013/LR/HRD/DSC/0141.png
HRD,2013,Deep,R,2013/LR/HRD/DSC/0142.png
HRD,2013,Deep,R,2013/LR/HRD/DSC/0144.png
HRD,2013,Deep,R,2013/LR/HRD/DSC/0145.png
HRD,2013,Deep,R,2013/LR/HRD/DSC/0146.png
HRD,2013,Deep,R,2013/LR/HRD/DSC/0147.png
HRD,2013,Deep,R,2013/LR/HRD/DSC/0148.png
HRD,2013,Deep,R,2013/LR/HRD/DSC/0149.png
HRD,2013,Deep,R,2013/LR/HRD/DSC/0150.png
HRD,2013,Deep,R,2013/LR/HRD/DSC/0151.png
HRD,2013,Deep,R,2013/LR/HRD/DSC/0152.png
HRD,2013,Deep,R,2013/LR/HRD/DSC/0153.png
HRD,2013,Deep,R,2013/LR/HRD/DSC/0154.png
HRD,2013,Deep,R,2013/LR/HRD/DSC/0155.png
HRD,2013,Deep,R,2013/LR/HRD/DSC/0156.png
HRD,2013,Deep,R,2013/LR/HRD/DSC/0157.png
HRD,2013,Deep,R,2013/LR/HRD/DSC/0158.png
HRD,2013,Deep,R,2013/LR/HRD/DSC/0159.png
HRI,2014,Mid,VC,2014/HRI/Mid/HRI091514VC1AB/011F.png
HRI,2014,Mid,VC,2014/HRI/Mid/HRI091514VC2AB/012F.png
HRI,2014,Mid,VC,2014/HRI/Mid/HRI091514VC3AB/007F.png
HRI,2014,Mid,VC,2014/HRI/Mid/HRI091514VC4AB/008F.png
HRI,2014,Mid,VC,2014/HRI/Mid/HRI091514VC6A7A/013F.png
HRI,2014,Mid,VC,2014/HRI/Mid/HRI091514VC6B7B/009F.png
HRI,2014,Mid,VC,2014/HRI/Mid/HRI091514WA1AB/015F.png
HRI,2014,Mid,VC,2014/HRI/Mid/HRI091514WA2AB/017F.png
HRI,2014,Mid,VC,2014/HRI/Mid/HRI091514WA3A4A/016F.png
HRI,2014,Mid,VC,2014/HRI/Mid/HRI091514WA3B4B/018F.png
HRI,2014,Shallow,VS,2014/HRI/Shallow/HRI091514VS1AB/036F.png
HRI,2014,Shallow,VS,2014/HRI/Shallow/HRI091514VS2AB/037F.png
HRI,2014,Shallow,VS,2014/HRI/Shallow/HRI091514VS3AB/038F.png
HRI,2014,Shallow,VS,2014/HRI/Shallow/HRI091514VS4AB/032F.png
HRI,2014,Shallow,VS,2014/HRI/Shallow/HRI091514VS6AB/034F.png
HRO,2014,Mid,VDL,2014/HRO/Mid/HRO091514VDL5AB/081F.png
HRO,2014,Mid,VDL,2014/HRO/Mid/HRO091514VDL6AB/082F.png
HRO,2014,Mid,VDL,2014/HRO/Mid/HRO091514VDL7AB/079F.png
HRO,2014,Mid,VDL,2014/HRO/Mid/HRO091514VDL8AB/080F.png
HRO,2014,Mid,VDR,2014/HRO/Mid/HRO091514VDR1AB/077F.png
HRO,2014,Mid,VDR,2014/HRO/Mid/HRO091514VDR2AB/076F.png
HRO,2014,Mid,VDR,2014/HRO/Mid/HRO091514VDR3AB/075F.png
HRO,2014,Mid,VDR,2014/HRO/Mid/HRO091514VDR4AB/074F.png
HRO,2014,Shallow,VCB,2014/HRO/Shallow/HRO091514VCB4AB/066F.png
HRO,2014,Shallow,VCB,2014/HRO/Shallow/HRO091514VCB5AB/069F.png
HRO,2014,Shallow,VCB,2014/HRO/Shallow/HRO091514VCB6AB/072F.png
HRO,2014,Shallow,VCT,2014/HRO/Shallow/HRO091514VCT1AB/065F.png
HRO,2014,Shallow,VCT,2014/HRO/Shallow/HRO091514VCT2AB/068F.png
HRO,2014,Shallow,VCT,2014/HRO/Shallow/HRO091514VCT3AB/071F.png
HRO,2014,Shallow,VCT,2014/HRO/Shallow/HRO091514VCT7AB/064F.png
HRO,2014,Shallow,VCT,2014/HRO/Shallow/HRO091514VCT8AB/067F.png
HRO,2014,Shallow,VCT,2014/HRO/Shallow/HRO091514VCT9AB/070F.png
HRD,2015,Deep,DW,2015/DW/HRD/DSC/0003.png
HRD,2015,Deep,DW,2015/DW/HRD/DSC/0004.png
HRD,2015,Deep,DW,2015/DW/HRD/DSC/0005.png
HRD,2015,Deep,DW,2015/DW/HRD/DSC/0006.png
HRD,2015,Deep,DW,2015/DW/HRD/DSC/0007.png
HRD,2015,Deep,DW,2015/DW/HRD/DSC/0008.png
HRD,2015,Deep,DW,2015/DW/HRD/DSC/0009.png
HRD,2015,Deep,DW,2015/DW/HRD/DSC/0010.png
HRD,2015,Deep,DW,2015/DW/HRD/DSC/0011.png
HRD,2015,Deep,DW,2015/DW/HRD/DSC/0013.png
HRD,2015,Deep,DW,2015/DW/HRD/DSC/0014.png
HRD,2015,Deep,DW,2015/DW/HRD/DSC/0015.png
HRD,2015,Deep,DW,2015/DW/HRD/DSC/0020.png
HRD,2015,Deep,DW,2015/DW/HRD/DSC/0021.png
HRD,2015,Deep,DW,2015/DW/HRD/DSC/0022.png
HRD,2015,Deep,DW,2015/DW/HRD/DSC/0023.png
HRI,2015,Mid,VC,2015/HRI/Mid/HRI082715VC1AB/120.png
HRI,2015,Mid,VC,2015/HRI/Mid/HRI082715VC1AB120.png
HRI,2015,Mid,VC,2015/HRI/Mid/HRI082715VC2AB/121.png
HRI,2015,Mid,VC,2015/HRI/Mid/HRI082715VC3AB/115.png
HRI,2015,Mid,VC,2015/HRI/Mid/HRI082715VC3AB115.png
HRI,2015,Mid,VC,2015/HRI/Mid/HRI082715VC4AB/117.png
HRI,2015,Mid,VC,2015/HRI/Mid/HRI082715VC4AB117.png
HRI,2015,Mid,VC,2015/HRI/Mid/HRI082715VC6A7A122.png
HRI,2015,Mid,VC,2015/HRI/Mid/HRI082715VC6B7B/118.png
HRI,2015,Mid,VC,2015/HRI/Mid/HRI082715VC6B7B118.png
HRI,2015,Mid,VC,2015/HRI/Mid/HRI082715VC7A6A/122.png
HRI,2015,Mid,WA,2015/HRI/Mid/HRI082715WA1AB/124.png
HRI,2015,Mid,WA,2015/HRI/Mid/HRI082715WA2AB/126.png
HRI,2015,Mid,WA,2015/HRI/Mid/HRI082715WA3A4A/125.png
HRI,2015,Mid,WA,2015/HRI/Mid/HRI082715WA4A3A/127.png
HRI,2015,Shallow,VS,2015/HRI/Shallow/HRI082715VS1AB149.png
HRI,2015,Shallow,VS,2015/HRI/Shallow/HRI082715VS2AB150.png
HRI,2015,Shallow,VS,2015/HRI/Shallow/HRI082715VS3AB151.png
HRI,2015,Shallow,VS,2015/HRI/Shallow/HRI082715VS4AB146.png
HRI,2015,Shallow,VS,2015/HRI/Shallow/HRI082715VS4AB152.png
HRI,2015,Shallow,VS,2015/HRI/Shallow/HRI082715VS6AB148.png
HRO,2015,Mid,VDL,2015/HRO/Mid/HRO082715VDL5AB/175F.png
HRO,2015,Mid,VDL,2015/HRO/Mid/HRO082715VDL6AB/174F.png
HRO,2015,Mid,VDL,2015/HRO/Mid/HRO082715VDL7AB/177F.png
HRO,2015,Mid,VDL,2015/HRO/Mid/HRO082715VDL8AB/176F.png
HRO,2015,Mid,VDR,2015/HRO/Mid/HRO082715VDR1AB/171F.png
HRO,2015,Mid,VDR,2015/HRO/Mid/HRO082715VDR2AB/170F.png
HRO,2015,Mid,VDR,2015/HRO/Mid/HRO082715VDR3AB/173F.png
HRO,2015,Mid,VDR,2015/HRO/Mid/HRO082715VDR4AB/172F.png
HRO,2015,Shallow,VCT,2015/HRO/Shallow/HRO082715VC/161F.png
HRO,2015,Shallow,VCT,2015/HRO/Shallow/HRO082715VC08AB/163F.png
HRO,2015,Shallow,VCT,2015/HRO/Shallow/HRO082715VC2AB/164.png
HRO,2015,Shallow,VCT,2015/HRO/Shallow/HRO082715VC3AB/168F.png
HRO,2015,Shallow,VCB,2015/HRO/Shallow/HRO082715VC4AB/162F.png
HRO,2015,Shallow,VCB,2015/HRO/Shallow/HRO082715VC5AB/165F.png
HRO,2015,Shallow,VCB,2015/HRO/Shallow/HRO082715VC6AB/169F.png
HRO,2015,Shallow,VCT,2015/HRO/Shallow/HRO082715VC7AB/160F.png
HRO,2015,Shallow,VCT,2015/HRO/Shallow/HRO082715VC9AB/167F.png
HRD,2015,Deep,R,2015/LRB/HRD/DSC/0025.png
HRD,2015,Deep,R,2015/LRB/HRD/DSC/0026.png
HRD,2015,Deep,R,2015/LRB/HRD/DSC/0027.png
HRD,2015,Deep,R,2015/LRB/HRD/DSC/0028.png
HRD,2015,Deep,R,2015/LRB/HRD/DSC/0029.png
HRD,2015,Deep,R,2015/LRB/HRD/DSC/0030.png
HRD,2015,Deep,R,2015/LRB/HRD/DSC/0031.png
HRD,2015,Deep,R,2015/LRB/HRD/DSC/0032.png
HRD,2015,Deep,R,2015/LRB/HRD/DSC/0033.png
HRD,2015,Deep,R,2015/LRB/HRD/DSC/0034.png
HRD,2015,Deep,R,2015/LRB/HRD/DSC/0035.png
HRD,2015,Deep,R,2015/LRB/HRD/DSC/0036.png
HRD,2015,Deep,R,2015/LRB/HRD/DSC/0037.png
HRD,2015,Deep,R,2015/LRB/HRD/DSC/0038.png
HRD,2015,Deep,R,2015/LRB/HRD/DSC/0039.png
HRD,2015,Deep,R,2015/LRB/HRD/DSC/0040.png
HRI,2016,Mid,VC,2016/HRI/Mid/HRI070616VC3AB/32f.png
HRI,2016,Mid,VC,2016/HRI/Mid/HRI070616VC4AB/33f.png
HRI,2016,Mid,VC,2016/HRI/Mid/HRI070616VC6A7A/31f.png
HRI,2016,Mid,WA,2016/HRI/Mid/HRI070616WA1AB/21f.png
HRI,2016,Mid,WA,2016/HRI/Mid/HRI070616WA2AB/23f.png
HRI,2016,Mid,WA,2016/HRI/Mid/HRI070616WA3A4A/22f.png
HRI,2016,Mid,WA,2016/HRI/Mid/HRI070616WA3B4B/24f.png
HRI,2016,Shallow,VS,2016/HRI/Shallow/HRI070616VS1AB/01f.png
HRI,2016,Shallow,VS,2016/HRI/Shallow/HRI070616VS2AB/04f.png
HRI,2016,Shallow,VS,2016/HRI/Shallow/HRI070616VS3AB/02f.png
HRI,2016,Shallow,VS,2016/HRI/Shallow/HRI070616VS4AB/1Af.png
HRI,2016,Shallow,VS,2016/HRI/Shallow/HRI070616VS5Ab/05.png
HRI,2016,Shallow,VS,2016/HRI/Shallow/HRI070616VS6AB/03f.png
HRI,2016,Shallow,VS,2016/HRI/Shallow/HRI070616VS7AB/06f.png
HRI,2016,Shallow,VS,2016/HRI/Shallow/HRI070616VS8AB/07f.png
HRI,2016,Shallow,VS,2016/HRI/Shallow/HRI070616VS9AB/08f.png
HRO,2016,Mid,VDL,2016/HRO/Mid/HRO070616VDL5AB/397f.png
HRO,2016,Mid,VDL,2016/HRO/Mid/HRO070616VDL6AB/396f.png
HRO,2016,Mid,VDL,2016/HRO/Mid/HRO070616VDL7AB/399f.png
HRO,2016,Mid,VDR,2016/HRO/Mid/HRO070616VDR1AB/393f.png
HRO,2016,Mid,VDR,2016/HRO/Mid/HRO070616VDR2AB/392f.png
HRO,2016,Mid,VDR,2016/HRO/Mid/HRO070616VDR3AB/395f.png
HRO,2016,Mid,VDR,2016/HRO/Mid/HRO070616VDR4AB/394f.png
HRO,2016,Shallow,VCT,2016/HRO/Shallow/HRO070616VC1AB/387f.png
HRO,2016,Shallow,VCT,2016/HRO/Shallow/HRO070616VC2AB/390f.png
HRO,2016,Shallow,VCT,2016/HRO/Shallow/HRO070616VC3AB/401f.png
HRO,2016,Shallow,VCB,2016/HRO/Shallow/HRO070616VC4AB/388f.png
HRO,2016,Shallow,VCB,2016/HRO/Shallow/HRO070616VC5AB/391f.png
HRO,2016,Shallow,VCB,2016/HRO/Shallow/HRO070616VC6AB/402f.png
HRO,2016,Shallow,VCT,2016/HRO/Shallow/HRO070616VC7AB/386f.png
HRO,2016,Shallow,VCT,2016/HRO/Shallow/HRO070616VC8AB/389f.png
HRO,2016,Shallow,VCT,2016/HRO/Shallow/HRO070616VC9AB/400f.png
HRI,2017,Mid,VC,2017/HRI/Mid/HRI082117VC1AB/2647.png
HRI,2017,Mid,VC,2017/HRI/Mid/HRI082117VC2AB/2650.png
HRI,2017,Mid,VC,2017/HRI/Mid/HRI082117VC3AB/2632.png
HRI,2017,Mid,VC,2017/HRI/Mid/HRI082117VC4AB/2635.png
HRI,2017,Mid,VC,2017/HRI/Mid/HRI082117VC6A7A/2656.png
HRI,2017,Mid,VC,2017/HRI/Mid/HRI082117VC6B7B/2636.png
HRI,2017,Mid,WA,2017/HRI/Mid/HRI082117WA1AB/2719.png
HRI,2017,Mid,WA,2017/HRI/Mid/HRI082117WA2AB/2724.png
HRI,2017,Mid,WA,2017/HRI/Mid/HRI082117WA3A4A/2721.png
HRI,2017,Mid,WA,2017/HRI/Mid/HRI082117WA3B4B/2727.png
HRI,2017,Shallow,VS,2017/HRI/Shallow/HRI082117VS1AB/2845.png
HRI,2017,Shallow,VS,2017/HRI/Shallow/HRI082117VS2AB/2848.png
HRI,2017,Shallow,VS,2017/HRI/Shallow/HRI082117VS3AB/2854.png
HRI,2017,Shallow,VS,2017/HRI/Shallow/HRI082117VS4AB/2836.png
HRI,2017,Shallow,VS,2017/HRI/Shallow/HRI082117VS5AB/2857.png
HRI,2017,Shallow,VS,2017/HRI/Shallow/HRI082117VS6AB/2839.png
HRI,2017,Shallow,VS,2017/HRI/Shallow/HRI082117VS7AB/2842.png
HRI,2017,Shallow,VS,2017/HRI/Shallow/HRI082117VS9AB/2860.png
HRI,2018,Mid,VC,2018/HRI/Mid/HRI082818VC1AB/1975f.png
HRI,2018,Mid,VC,2018/HRI/Mid/HRI082818VC2AB/1976f.png
HRI,2018,Mid,VC,2018/HRI/Mid/HRI082818VC3AB/1971f.png
HRI,2018,Mid,VC,2018/HRI/Mid/HRI082818VC4AB/1972f.png
HRI,2018,Mid,VC,2018/HRI/Mid/HRI082818VC6A7A/1977f.png
HRI,2018,Mid,VC,2018/HRI/Mid/HRI082818VC6B7B/1973f.png
HRI,2018,Mid,WA,2018/HRI/Mid/HRI082818WA1AB/1979f.png
HRI,2018,Mid,WA,2018/HRI/Mid/HRI082818WA2AB/1980f.png
HRI,2018,Mid,WA,2018/HRI/Mid/HRI082818WA3AB/1981f.png
HRI,2018,Mid,WA,2018/HRI/Mid/HRI082818WA4AB/1982f.png
HRI,2018,Shallow,VS,2018/HRI/Shallow/HRI082818VS1AB/2005f.png
HRI,2018,Shallow,VS,2018/HRI/Shallow/HRI082818VS2AB/2006f.png
HRI,2018,Shallow,VS,2018/HRI/Shallow/HRI082818VS3AB/2008f.png
HRI,2018,Shallow,VS,2018/HRI/Shallow/HRI082818VS4AB/2002f.png
HRI,2018,Shallow,VS,2018/HRI/Shallow/HRI082818VS5AB/2009f.png
HRI,2018,Shallow,VS,2018/HRI/Shallow/HRI082818VS6AB/2003f.png
HRI,2018,Shallow,VS,2018/HRI/Shallow/HRI082818VS7AB/2004f.png
HRI,2018,Shallow,VS,2018/HRI/Shallow/HRI082818VS8AB/2007f.png
HRI,2018,Shallow,VS,2018/HRI/Shallow/HRI082818VS9AB/2010f.png
HRO,2018,Mid,VDL,2018/HRO/Mid/HRO082818VDL5AB/024f.png
HRO,2018,Mid,VDL,2018/HRO/Mid/HRO082818VDL6AB/025f.png
HRO,2018,Mid,VDL,2018/HRO/Mid/HRO082818VDL7AB/026f.png
HRO,2018,Mid,VDL,2018/HRO/Mid/HRO082818VDL8AB/027f.png
HRO,2018,Mid,VDR,2018/HRO/Mid/HRO082818VDR1AB/020f.png
HRO,2018,Mid,VDR,2018/HRO/Mid/HRO082818VDR2AB/021f.png
HRO,2018,Mid,VDR,2018/HRO/Mid/HRO082818VDR3AB/022f.png
HRO,2018,Mid,VDR,2018/HRO/Mid/HRO082818VDR4AB/023f.png
HRO,2018,Shallow,VCT,2018/HRO/Shallow/HRO082818VC1AB/008f.png
HRO,2018,Shallow,VCT,2018/HRO/Shallow/HRO082818VC2AB/013f.png
HRO,2018,Shallow,VCT,2018/HRO/Shallow/HRO082818VC3AB/017f.png
HRO,2018,Shallow,VCB,2018/HRO/Shallow/HRO082818VC4AB/009f.png
HRO,2018,Shallow,VCB,2018/HRO/Shallow/HRO082818VC5AB/014f.png
HRO,2018,Shallow,VCB,2018/HRO/Shallow/HRO082818VC6AB/018f.png
HRO,2018,Shallow,VCT,2018/HRO/Shallow/HRO082818VC7AB/007f.png
HRO,2018,Shallow,VCT,2018/HRO/Shallow/HRO082818VC8AB/012f.png
HRO,2018,Shallow,VCT,2018/HRO/Shallow/HRO082818VC9AB/016f.png
HRD,2020,Deep,DW,2020/DWB/HRDeepP205.png
HRD,2020,Deep,DW,2020/DWB/HRDeepP206.png
HRD,2020,Deep,DW,2020/DWB/HRDeepP207.png
HRD,2020,Deep,DW,2020/DWB/HRDeepP208.png
HRD,2020,Deep,DW,2020/DWB/HRDeepP209.png
HRD,2020,Deep,DW,2020/DWB/HRDeepP210.png
HRD,2020,Deep,DW,2020/DWB/HRDeepP211.png
HRD,2020,Deep,DW,2020/DWB/HRDeepP212.png
HRD,2020,Deep,DW,2020/DWT/HRDeepP173.png
HRD,2020,Deep,DW,2020/DWT/HRDeepP174.png
HRD,2020,Deep,DW,2020/DWT/HRDeepP175.png
HRD,2020,Deep,DW,2020/DWT/HRDeepP176.png
HRD,2020,Deep,DW,2020/DWT/HRDeepP177.png
HRD,2020,Deep,DW,2020/DWT/HRDeepP189.png
HRD,2020,Deep,DW,2020/DWT/HRDeepP190.png
HRD,2020,Deep,DW,2020/DWT/HRDeepP192.png
HRI,2020,Mid,VC,2020/HRI/Mid/HRI090820VC/P266.png
HRI,2020,Mid,VC,2020/HRI/Mid/HRI090820VC/P267.png
HRI,2020,Mid,VC,2020/HRI/Mid/HRI090820VC/P268.png
HRI,2020,Mid,VC,2020/HRI/Mid/HRI090820VC/P269.png
HRI,2020,Mid,VC,2020/HRI/Mid/HRI090820VC/P270.png
HRI,2020,Mid,VC,2020/HRI/Mid/HRI090820VC/P271.png
HRI,2020,Mid,WA,2020/HRI/Mid/HRI090820WA/P284.png
HRI,2020,Mid,WA,2020/HRI/Mid/HRI090820WA/P285.png
HRI,2020,Mid,WA,2020/HRI/Mid/HRI090820WA/P286.png
HRI,2020,Mid,WA,2020/HRI/Mid/HRI090820WA/P287.png
HRI,2020,Mid,WA,2020/HRI/Mid/HRI090820WA/P288.png
HRI,2020,Mid,WA,2020/HRI/Mid/HRI090820WA/P289.png
HRI,2020,Shallow,VS,2020/HRI/Shallow/HRI090820VS/P320.png
HRI,2020,Shallow,VS,2020/HRI/Shallow/HRI090820VS/P321.png
HRI,2020,Shallow,VS,2020/HRI/Shallow/HRI090820VS/P322.png
HRI,2020,Shallow,VS,2020/HRI/Shallow/HRI090820VS/P323.png
HRI,2020,Shallow,VS,2020/HRI/Shallow/HRI090820VS/P324.png
HRI,2020,Shallow,VS,2020/HRI/Shallow/HRI090820VS/P325.png
HRI,2020,Shallow,VS,2020/HRI/Shallow/HRI090820VS/P326.png
HRI,2020,Shallow,VS,2020/HRI/Shallow/HRI090820VS/P327.png
HRI,2020,Shallow,VS,2020/HRI/Shallow/HRI090820VS/P328.png
HRI,2020,Shallow,VS,2020/HRI/Shallow/HRI090820VS/P329.png
HRI,2020,Shallow,VS,2020/HRI/Shallow/HRI090820VS/P330.png
HRD,2020,Deep,R,2020/LRB/HRDeepP196.png
HRD,2020,Deep,R,2020/LRB/HRDeepP197.png
HRD,2020,Deep,R,2020/LRB/HRDeepP198.png
HRD,2020,Deep,R,2020/LRB/HRDeepP199.png
HRD,2020,Deep,R,2020/LRB/HRDeepP200.png
HRD,2020,Deep,R,2020/LRB/HRDeepP201.png
HRD,2020,Deep,R,2020/LRB/HRDeepP202.png
HRD,2020,Deep,R,2020/LRB/HRDeepP203.png
HRD,2020,Deep,R,2020/LRB/HRDeepP204.png
HRD,2020,Deep,R,2020/LRT/HRDeepP213.png
HRD,2020,Deep,R,2020/LRT/HRDeepP214.png
HRD,2020,Deep,R,2020/LRT/HRDeepP215.png
HRD,2020,Deep,R,2020/LRT/HRDeepP216.png
HRD,2020,Deep,R,2020/LRT/HRDeepP217.png
HRD,2020,Deep,R,2020/LRT/HRDeepP218.png
HRD,2020,Deep,R,2020/LRT/HRDeepP219.png
HRD,2020,Deep,R,2020/LRT/HRDeepP220.png
HRI,2022,Mid,VC,2022/HRI/Mid/HRI081622VC1AB/1260.png
HRI,2022,Mid,VC,2022/HRI/Mid/HRI081622VC2AB/1261.png
HRI,2022,Mid,VC,2022/HRI/Mid/HRI081622VC3AB/1256.png
HRI,2022,Mid,VC,2022/HRI/Mid/HRI081622VC4AB/1257.png
HRI,2022,Mid,VC,2022/HRI/Mid/HRI081622VC6A7A/1262.png
HRI,2022,Mid,VC,2022/HRI/Mid/HRI081622VC6B7B/1258.png
HRI,2022,Mid,WA,2022/HRI/Mid/HRI081622WA1AB/1265.png
HRI,2022,Mid,WA,2022/HRI/Mid/HRI081622WA2AB/1268.png
HRI,2022,Mid,WA,2022/HRI/Mid/HRI081622WA3A4A/1266.png
HRI,2022,Mid,WA,2022/HRI/Mid/HRI081622WA3B4B/1269.png
HRI,2022,Mid,WA,2022/HRI/Mid/HRI081622WAxtra/1264.png
HRI,2022,Mid,WA,2022/HRI/Mid/HRI081622WAxtra/1267.png
HRI,2022,Shallow,VS,2022/HRI/Shallow/HRI081622VS1AB/1285.png
HRI,2022,Shallow,VS,2022/HRI/Shallow/HRI081622VS2AB/1286.png
HRI,2022,Shallow,VS,2022/HRI/Shallow/HRI081622VS3AB/1288.png
HRI,2022,Shallow,VS,2022/HRI/Shallow/HRI081622VS4AB/1282.png
HRI,2022,Shallow,VS,2022/HRI/Shallow/HRI081622VS5AB/1289.png
HRI,2022,Shallow,VS,2022/HRI/Shallow/HRI081622VS6AB/1283.png
HRO,2023,Mid,VDL,2023/HRO/Mid/HRO080723VDL5AB/100.png
HRO,2023,Mid,VDL,2023/HRO/Mid/HRO080723VDL6AB/101.png
HRO,2023,Mid,VDL,2023/HRO/Mid/HRO080723VDL7AB/102.png
HRO,2023,Mid,VDL,2023/HRO/Mid/HRO080723VDL8AB/103.png
HRO,2023,Mid,VDR,2023/HRO/Mid/HRO080723VDR1AB/96.png
HRO,2023,Mid,VDR,2023/HRO/Mid/HRO080723VDR2AB/97.png
HRO,2023,Mid,VDR,2023/HRO/Mid/HRO080723VDR3AB/98.png
HRO,2023,Mid,VDR,2023/HRO/Mid/HRO080723VDR4AB/99.png
HRO,2023,Shallow,VCB,2023/HRO/Shallow/HRO080723VCB10AB/92.png
HRO,2023,Shallow,VCB,2023/HRO/Shallow/HRO080723VCB11AB/88.png
HRO,2023,Shallow,VCB,2023/HRO/Shallow/HRO080723VCB12AB/84.png
HRO,2023,Shallow,VCB,2023/HRO/Shallow/HRO080723VCB4AB/83.png
HRO,2023,Shallow,VCB,2023/HRO/Shallow/HRO080723VCB5AB/87.png
HRO,2023,Shallow,VCB,2023/HRO/Shallow/HRO080723VCB6AB/91.png
HRO,2023,Shallow,VCT,2023/HRO/Shallow/HRO080723VCT1AB/82.png
HRO,2023,Shallow,VCT,2023/HRO/Shallow/HRO080723VCT2AB/86.png
HRO,2023,Shallow,VCT,2023/HRO/Shallow/HRO080723VCT3AB/90.png
HRO,2023,Shallow,VCT,2023/HRO/Shallow/HRO080723VCT7AB/81.png
HRO,2023,Shallow,VCT,2023/HRO/Shallow/HRO080723VCT8AB/85.png
HRO,2023,Shallow,VCT,2023/HRO/Shallow/HRO080723VCT9AB/89.png
HRD,1989,Mid,SW,HRD/1989 HRD/Mid/images/image014.png
HRD,1989,Mid,SW,HRD/1989 HRD/Mid/images/image015.png
HRD,1989,Mid,SW,HRD/1989 HRD/Mid/images/image016.png
HRD,1989,Mid,SW,HRD/1989 HRD/Mid/images/image017.png
HRD,1989,Mid,SW,HRD/1989 HRD/Mid/images/image018.png
HRD,1989,Mid,SW,HRD/1989 HRD/Mid/images/image019.png
HRD,1989,Mid,SW,HRD/1989 HRD/Mid/images/image020.png
HRD,1989,Mid,SW,HRD/1989 HRD/Mid/images/image021.png
HRD,1989,Mid,SW,HRD/1989 HRD/Mid/images/image022.png
HRD,1989,Mid,SW,HRD/1989 HRD/Mid/images/image023.png
HRD,1989,Mid,SW,HRD/1989 HRD/Mid/images/image024.png
HRD,1989,Mid,SW,HRD/1989 HRD/Mid/images/image025.png
HRD,1989,Mid,SW,HRD/1989 HRD/Mid/images/image026.png
HRD,1989,Mid,SW,HRD/1989 HRD/Mid/images/image027.png
HRD,1989,Mid,SW,HRD/1989 HRD/Mid/images/image028.png
HRD,1989,Mid,SW,HRD/1989 HRD/Mid/images/image029.png
HRD,1989,Mid,SW,HRD/1989 HRD/Mid/images/image030.png
HRD,1989,Mid,SW,HRD/1989 HRD/Mid/images/image031.png
HRD,1989,Mid,SW,HRD/1989 HRD/Mid/images/image032.png
HRD,1989,Mid,SW,HRD/1989 HRD/Mid/images/image033.png
HRD,1989,Mid,SW,HRD/1989 HRD/Mid/images/image034.png
HRD,1989,Mid,SW,HRD/1989 HRD/Mid/images/image035.png
HRD,1991,Deep,DW,HRD/1991 HRD/Deep/images/image001.png
HRD,1991,Deep,DW,HRD/1991 HRD/Deep/images/image002.png
HRD,1991,Deep,DW,HRD/1991 HRD/Deep/images/image003.png
HRD,1991,Deep,DW,HRD/1991 HRD/Deep/images/image004.png
HRD,1991,Deep,DW,HRD/1991 HRD/Deep/images/image005.png
HRD,1991,Deep,DW,HRD/1991 HRD/Deep/images/image006.png
HRD,1991,Deep,DW,HRD/1991 HRD/Deep/images/image007.png
HRD,1991,Deep,DW,HRD/1991 HRD/Deep/images/image008.png
HRD,1991,Deep,DW,HRD/1991 HRD/Deep/images/image009.png
HRD,1991,Deep,R,HRD/1991 HRD/Deep/images/image010.png
HRD,1991,Deep,R,HRD/1991 HRD/Deep/images/image011.png
HRD,1991,Deep,R,HRD/1991 HRD/Deep/images/image012.png
HRD,1991,Deep,R,HRD/1991 HRD/Deep/images/image013.png
HRD,1991,Deep,R,HRD/1991 HRD/Deep/images/image014.png
HRD,1991,Deep,R,HRD/1991 HRD/Deep/images/image015.png
HRD,1991,Deep,R,HRD/1991 HRD/Deep/images/image016.png
HRD,1991,Deep,R,HRD/1991 HRD/Deep/images/image017.png
HRD,1991,Deep,R,HRD/1991 HRD/Deep/images/image026.png
HRD,1991,Deep,R,HRD/1991 HRD/Deep/images/image027.png
HRD,1991,Deep,R,HRD/1991 HRD/Deep/images/image028.png
HRD,1991,Deep,R,HRD/1991 HRD/Deep/images/image029.png
HRD,1991,Deep,R,HRD/1991 HRD/Deep/images/image030.png
HRD,1991,Deep,R,HRD/1991 HRD/Deep/images/image031.png
HRD,1991,Deep,R,HRD/1991 HRD/Deep/images/image032.png
HRD,1991,Deep,R,HRD/1991 HRD/Deep/images/image033.png
HRD,1991,Deep,R,HRD/1991 HRD/Deep/images/image034.png
HRD,1991,Deep,R,HRD/1991 HRD/Deep/images/image035.png
HRD,1991,Deep,R,HRD/1991 HRD/Deep/images/image036.png
HRD,1991,Deep,R,HRD/1991 HRD/Deep/images/image037.png
HRD,1991,Mid,SW,HRD/1991 HRD/Mid/images/image018.png
HRD,1991,Mid,SW,HRD/1991 HRD/Mid/images/image019.png
HRD,1991,Mid,SW,HRD/1991 HRD/Mid/images/image020.png
HRD,1991,Mid,SW,HRD/1991 HRD/Mid/images/image021.png
HRD,1991,Mid,SW,HRD/1991 HRD/Mid/images/image022.png
HRD,1991,Mid,SW,HRD/1991 HRD/Mid/images/image023.png
HRD,1991,Mid,SW,HRD/1991 HRD/Mid/images/image024.png
HRD,1991,Mid,SW,HRD/1991 HRD/Mid/images/image025.png
HRD,1995,Deep,R,HRD/1995 HRD/Deep/images/image013.png
HRD,1995,Deep,DW,HRD/1995 HRD/Deep/images/image014.png
HRD,1995,Deep,DW,HRD/1995 HRD/Deep/images/image015.png
HRD,1995,Deep,DW,HRD/1995 HRD/Deep/images/image016.png
HRD,1995,Deep,DW,HRD/1995 HRD/Deep/images/image017.png
HRD,1995,Deep,DW,HRD/1995 HRD/Deep/images/image018.png
HRD,1995,Deep,R,HRD/1995 HRD/Deep/images/image019.png
HRD,1995,Deep,R,HRD/1995 HRD/Deep/images/image020.png
HRD,1995,Deep,R,HRD/1995 HRD/Deep/images/image021.png
HRD,1995,Deep,R,HRD/1995 HRD/Deep/images/image022.png
HRD,1995,Deep,R,HRD/1995 HRD/Deep/images/image023.png
HRD,1995,Deep,R,HRD/1995 HRD/Deep/images/image024.png
HRD,1995,Deep,R,HRD/1995 HRD/Deep/images/image025.png
HRD,1995,Deep,R,HRD/1995 HRD/Deep/images/image026.png
HRD,1995,Deep,R,HRD/1995 HRD/Deep/images/image027.png
HRD,1995,Deep,R,HRD/1995 HRD/Deep/images/image028.png
HRD,1995,Deep,R,HRD/1995 HRD/Deep/images/image029.png
HRD,1995,Mid,SW,HRD/1995 HRD/Mid/images/image030.png
HRD,1995,Mid,SW,HRD/1995 HRD/Mid/images/image031.png
HRD,1995,Mid,SW,HRD/1995 HRD/Mid/images/image032.png
HRD,1995,Mid,SW,HRD/1995 HRD/Mid/images/image033.png
HRD,1995,Mid,SW,HRD/1995 HRD/Mid/images/image034.png
HRD,1995,Mid,SW,HRD/1995 HRD/Mid/images/image035.png
HRD,1995,Mid,SW,HRD/1995 HRD/Mid/images/image036.png
HRD,1995,Mid,SW,HRD/1995 HRD/Mid/images/image037.png
HRD,2001,Deep,DW,HRD/2001 HRD/Deep/images/image001.png
HRD,2001,Deep,DW,HRD/2001 HRD/Deep/images/image002.png
HRD,2001,Deep,DW,HRD/2001 HRD/Deep/images/image003.png
HRD,2001,Deep,DW,HRD/2001 HRD/Deep/images/image004.png
HRD,2001,Deep,DW,HRD/2001 HRD/Deep/images/image005.png
HRD,2001,Deep,DW,HRD/2001 HRD/Deep/images/image006.png
HRD,2001,Deep,R,HRD/2001 HRD/Deep/images/image007.png
HRD,2001,Deep,R,HRD/2001 HRD/Deep/images/image008.png
HRD,2001,Deep,R,HRD/2001 HRD/Deep/images/image009.png
HRD,2001,Deep,R,HRD/2001 HRD/Deep/images/image010.png
HRD,2001,Deep,R,HRD/2001 HRD/Deep/images/image011.png
HRD,2001,Deep,R,HRD/2001 HRD/Deep/images/image012.png
HRD,2001,Deep,R,HRD/2001 HRD/Deep/images/image013.png
HRD,2001,Deep,R,HRD/2001 HRD/Deep/images/image014.png
HRD,2001,Deep,R,HRD/2001 HRD/Deep/images/image015.png
HRD,2001,Deep,R,HRD/2001 HRD/Deep/images/image016.png
HRD,2001,Mid,SW,HRD/2001 HRD/Mid/images/image017.png
HRD,2001,Mid,SW,HRD/2001 HRD/Mid/images/image018.png
HRD,2001,Mid,SW,HRD/2001 HRD/Mid/images/image019.png
HRD,2001,Mid,SW,HRD/2001 HRD/Mid/images/image020.png
HRD,2001,Mid,SW,HRD/2001 HRD/Mid/images/image021.png
HRD,2001,Mid,SW,HRD/2001 HRD/Mid/images/image022.png
HRD,2001,Mid,SW,HRD/2001 HRD/Mid/images/image023.png
HRD,2001,Mid,SW,HRD/2001 HRD/Mid/images/image024.png
HRD,2002,Deep,DW,HRD/2002 HRD/Deep/images/DSC00001.png
HRD,2002,Deep,DW,HRD/2002 HRD/Deep/images/DSC00002.png
HRD,2002,Deep,DW,HRD/2002 HRD/Deep/images/DSC00003.png
HRD,2002,Deep,DW,HRD/2002 HRD/Deep/images/DSC00004.png
HRD,2002,Deep,DW,HRD/2002 HRD/Deep/images/DSC00005.png
HRD,2002,Deep,DW,HRD/2002 HRD/Deep/images/DSC00006.png
HRD,2002,Deep,DW,HRD/2002 HRD/Deep/images/DSC00007.png
HRD,2002,Deep,DW,HRD/2002 HRD/Deep/images/DSC00008.png
HRD,2002,Deep,DW,HRD/2002 HRD/Deep/images/DSC00009.png
HRD,2002,Deep,R,HRD/2002 HRD/Deep/images/DSC00010.png
HRD,2002,Deep,R,HRD/2002 HRD/Deep/images/DSC00011.png
HRD,2002,Deep,R,HRD/2002 HRD/Deep/images/DSC00012.png
HRD,2002,Deep,R,HRD/2002 HRD/Deep/images/DSC00013.png
HRD,2002,Deep,R,HRD/2002 HRD/Deep/images/DSC00014.png
HRD,2002,Deep,R,HRD/2002 HRD/Deep/images/DSC00015.png
HRD,2002,Deep,R,HRD/2002 HRD/Deep/images/DSC00016.png
HRD,2002,Deep,R,HRD/2002 HRD/Deep/images/DSC00017.png
HRD,2002,Deep,R,HRD/2002 HRD/Deep/images/DSC00018.png
HRD,2002,Mid,SW,HRD/2002 HRD/Mid/images/DSC00019.png
HRD,2002,Mid,SW,HRD/2002 HRD/Mid/images/DSC00020.png
HRD,2002,Mid,SW,HRD/2002 HRD/Mid/images/DSC00021.png
HRD,2002,Mid,SW,HRD/2002 HRD/Mid/images/DSC00022.png
HRD,2004,Deep,DW,HRD/2004 HRD/Deep/images/HRD081204-01.png
HRD,2004,Deep,DW,HRD/2004 HRD/Deep/images/HRD081204-02.png
HRD,2004,Deep,DW,HRD/2004 HRD/Deep/images/HRD081204-03.png
HRD,2004,Deep,DW,HRD/2004 HRD/Deep/images/HRD081204-04.png
HRD,2004,Deep,DW,HRD/2004 HRD/Deep/images/HRD081204-05.png
HRD,2004,Deep,DW,HRD/2004 HRD/Deep/images/HRD081204-06.png
HRD,2004,Deep,DW,HRD/2004 HRD/Deep/images/HRD081204-07.png
HRD,2004,Deep,DW,HRD/2004 HRD/Deep/images/HRD081204-08.png
HRD,2004,Deep,DW,HRD/2004 HRD/Deep/images/HRD081204-09.png
HRD,2004,Deep,DW,HRD/2004 HRD/Deep/images/HRD081204-10.png
HRD,2004,Deep,DW,HRD/2004 HRD/Deep/images/HRD081204-16.png
HRD,2004,Deep,R,HRD/2004 HRD/Deep/images/HRD081204-17.png
HRD,2004,Deep,R,HRD/2004 HRD/Deep/images/HRD081204-18.png
HRD,2004,Deep,R,HRD/2004 HRD/Deep/images/HRD081204-19.png
HRD,2004,Deep,R,HRD/2004 HRD/Deep/images/HRD081204-20.png
HRD,2004,Deep,R,HRD/2004 HRD/Deep/images/HRD081204-21.png
HRD,2004,Deep,R,HRD/2004 HRD/Deep/images/HRD081204-22.png
HRD,2004,Deep,R,HRD/2004 HRD/Deep/images/HRD081204-23.png
HRD,2004,Deep,R,HRD/2004 HRD/Deep/images/HRD081204-24.png
HRD,2004,Deep,R,HRD/2004 HRD/Deep/images/HRD081204-25.png
HRD,2004,Deep,R,HRD/2004 HRD/Deep/images/HRD081204-26.png
HRD,2004,Deep,R,HRD/2004 HRD/Deep/images/HRD081204-27.png
HRD,2004,Deep,R,HRD/2004 HRD/Deep/images/HRD081204-28.png
HRD,2004,Deep,R,HRD/2004 HRD/Deep/images/HRD081204-29.png
HRD,2004,Deep,R,HRD/2004 HRD/Deep/images/HRD081204-30.png
HRD,2004,Deep,R,HRD/2004 HRD/Deep/images/HRD081204-31.png
HRD,2004,Deep,R,HRD/2004 HRD/Deep/images/HRD081204-32.png
HRD,2004,Deep,R,HRD/2004 HRD/Deep/images/HRD081204-33.png
HRD,2004,Deep,R,HRD/2004 HRD/Deep/images/HRD081204-34.png
HRD,2004,Deep,R,HRD/2004 HRD/Deep/images/HRD081204-35.png
HRD,2004,Deep,R,HRD/2004 HRD/Deep/images/HRD081204-36.png
HRD,2004,Deep,R,HRD/2004 HRD/Deep/images/HRD081204-37.png
HRD,2004,Deep,R,HRD/2004 HRD/Deep/images/HRD081204-38.png
HRD,2004,Deep,R,HRD/2004 HRD/Deep/images/HRD081204-39.png
HRD,2004,Mid,SW,HRD/2004 HRD/Mid/images/HRD081204-40.png
HRD,2004,Mid,SW,HRD/2004 HRD/Mid/images/HRD081204-41.png
HRD,2004,Mid,SW,HRD/2004 HRD/Mid/images/HRD081204-42.png
HRD,2004,Mid,SW,HRD/2004 HRD/Mid/images/HRD081204-43.png
HRD,2004,Mid,SW,HRD/2004 HRD/Mid/images/HRD081204-44.png
HRD,2004,Mid,SW,HRD/2004 HRD/Mid/images/HRD081204-45.png
HRD,2004,Mid,SW,HRD/2004 HRD/Mid/images/HRD081204-46.png
HRD,2004,Mid,SW,HRD/2004 HRD/Mid/images/HRD081204-47.png
HRD,2006,Deep,DW,HRD/2006 HRD/Deep/images/P1010458.png
HRD,2006,Deep,DW,HRD/2006 HRD/Deep/images/P1010459.png
HRD,2006,Deep,DW,HRD/2006 HRD/Deep/images/P1010460.png
HRD,2006,Deep,DW,HRD/2006 HRD/Deep/images/P1010461.png
HRD,2006,Deep,DW,HRD/2006 HRD/Deep/images/P1010462.png
HRD,2006,Deep,DW,HRD/2006 HRD/Deep/images/P1010463.png
HRD,2006,Deep,DW,HRD/2006 HRD/Deep/images/P1010464.png
HRD,2006,Deep,DW,HRD/2006 HRD/Deep/images/P1010465.png
HRD,2006,Deep,DW,HRD/2006 HRD/Deep/images/P1010466.png
HRD,2006,Deep,DW,HRD/2006 HRD/Deep/images/P1010467.png
HRD,2006,Deep,R,HRD/2006 HRD/Deep/images/P1010473.png
HRD,2006,Deep,R,HRD/2006 HRD/Deep/images/P1010474.png
HRD,2006,Deep,R,HRD/2006 HRD/Deep/images/P1010475.png
HRD,2006,Deep,R,HRD/2006 HRD/Deep/images/P1010476.png
HRD,2006,Deep,R,HRD/2006 HRD/Deep/images/P1010477.png
HRD,2006,Deep,R,HRD/2006 HRD/Deep/images/P1010478.png
HRD,2006,Deep,R,HRD/2006 HRD/Deep/images/P1010479.png
HRD,2006,Deep,R,HRD/2006 HRD/Deep/images/P1010480.png
HRD,2006,Deep,R,HRD/2006 HRD/Deep/images/P1010481.png
HRD,2006,Deep,R,HRD/2006 HRD/Deep/images/P1010482.png
HRD,2006,Deep,R,HRD/2006 HRD/Deep/images/P1010483.png
HRD,2006,Deep,R,HRD/2006 HRD/Deep/images/P1010484.png
HRD,2006,Deep,R,HRD/2006 HRD/Deep/images/P1010485.png
HRD,2006,Deep,R,HRD/2006 HRD/Deep/images/P1010486.png
HRD,2006,Mid,SW,HRD/2006 HRD/Mid/images/P1010487.png
HRD,2006,Mid,SW,HRD/2006 HRD/Mid/images/P1010488.png
HRD,2006,Mid,SW,HRD/2006 HRD/Mid/images/P1010489.png
HRD,2006,Mid,SW,HRD/2006 HRD/Mid/images/P1010490.png
HRD,2006,Mid,SW,HRD/2006 HRD/Mid/images/P1010491.png
HRD,2006,Mid,SW,HRD/2006 HRD/Mid/images/P1010492.png
HRD,2006,Mid,SW,HRD/2006 HRD/Mid/images/P1010493.png
HRD,2006,Mid,SW,HRD/2006 HRD/Mid/images/P1010494.png
HRD,2006,Mid,SW,HRD/2006 HRD/Mid/images/P1010495.png
HRD,2006,Mid,SW,HRD/2006 HRD/Mid/images/P1010496.png
HRD,2006,Mid,SW,HRD/2006 HRD/Mid/images/P1010497.png
HRD,2006,Mid,SW,HRD/2006 HRD/Mid/images/P1010498.png
HRD,2008,Deep,DW,HRD/2008 HRD/Deep/images/P1010173.png
HRD,2008,Deep,DW,HRD/2008 HRD/Deep/images/P1010174.png
HRD,2008,Deep,DW,HRD/2008 HRD/Deep/images/P1010175.png
HRD,2008,Deep,DW,HRD/2008 HRD/Deep/images/P1010176.png
HRD,2008,Deep,DW,HRD/2008 HRD/Deep/images/P1010177.png
HRD,2008,Deep,DW,HRD/2008 HRD/Deep/images/P1010178.png
HRD,2008,Deep,DW,HRD/2008 HRD/Deep/images/P1010179.png
HRD,2008,Deep,DW,HRD/2008 HRD/Deep/images/P1010180.png
HRD,2008,Deep,DW,HRD/2008 HRD/Deep/images/P1010181.png
HRD,2008,Deep,DW,HRD/2008 HRD/Deep/images/P1010182.png
HRD,2008,Deep,DW,HRD/2008 HRD/Deep/images/P1010183.png
HRD,2008,Deep,R,HRD/2008 HRD/Deep/images/P1010184.png
HRD,2008,Deep,R,HRD/2008 HRD/Deep/images/P1010185.png
HRD,2008,Deep,R,HRD/2008 HRD/Deep/images/P1010186.png
HRD,2008,Deep,R,HRD/2008 HRD/Deep/images/P1010187.png
HRD,2008,Deep,R,HRD/2008 HRD/Deep/images/P1010188.png
HRD,2008,Deep,R,HRD/2008 HRD/Deep/images/P1010189.png
HRD,2008,Deep,R,HRD/2008 HRD/Deep/images/P1010190.png
HRD,2008,Deep,R,HRD/2008 HRD/Deep/images/P1010191.png
HRD,2008,Deep,R,HRD/2008 HRD/Deep/images/P1010192.png
HRD,2008,Deep,R,HRD/2008 HRD/Deep/images/P1010193.png
HRD,2008,Deep,R,HRD/2008 HRD/Deep/images/P1010194.png
HRD,2008,Deep,R,HRD/2008 HRD/Deep/images/P1010195.png
HRD,2008,Deep,R,HRD/2008 HRD/Deep/images/P1010196.png
HRD,2008,Deep,R,HRD/2008 HRD/Deep/images/P1010197.png
HRD,2008,Deep,R,HRD/2008 HRD/Deep/images/P1010198.png
HRD,2008,Deep,R,HRD/2008 HRD/Deep/images/P1010199.png
HRD,2008,Deep,R,HRD/2008 HRD/Deep/images/P1010200.png
HRD,2008,Deep,R,HRD/2008 HRD/Deep/images/P1010201.png
HRD,2008,Deep,R,HRD/2008 HRD/Deep/images/P1010202.png
HRD,2008,Deep,R,HRD/2008 HRD/Deep/images/P1010203.png
HRD,2008,Deep,R,HRD/2008 HRD/Deep/images/P1010204.png
HRD,2008,Mid,SW,HRD/2008 HRD/Mid/images/P1010205.png
HRD,2008,Mid,SW,HRD/2008 HRD/Mid/images/P1010206.png
HRD,2008,Mid,SW,HRD/2008 HRD/Mid/images/P1010207.png
HRD,2008,Mid,SW,HRD/2008 HRD/Mid/images/P1010208.png
HRD,2008,Mid,SW,HRD/2008 HRD/Mid/images/P1010209.png
HRD,2008,Mid,SW,HRD/2008 HRD/Mid/images/P1010210.png
HRD,2008,Mid,SW,HRD/2008 HRD/Mid/images/P1010211.png
HRD,2008,Mid,SW,HRD/2008 HRD/Mid/images/P1010212.png
HRD,2008,Mid,SW,HRD/2008 HRD/Mid/images/P1010213.png
HRD,2008,Mid,SW,HRD/2008 HRD/Mid/images/P1010214.png
HRD,2009,Deep,DW,HRD/2009 HRD/Deep/images/DSC00049.png
HRD,2009,Deep,DW,HRD/2009 HRD/Deep/images/DSC00050.png
HRD,2009,Deep,DW,HRD/2009 HRD/Deep/images/DSC00051.png
HRD,2009,Deep,DW,HRD/2009 HRD/Deep/images/DSC00052.png
HRD,2009,Deep,DW,HRD/2009 HRD/Deep/images/DSC00053.png
HRD,2009,Deep,DW,HRD/2009 HRD/Deep/images/DSC00054.png
HRD,2009,Deep,DW,HRD/2009 HRD/Deep/images/DSC00055.png
HRD,2009,Deep,DW,HRD/2009 HRD/Deep/images/DSC00056.png
HRD,2009,Deep,DW,HRD/2009 HRD/Deep/images/DSC00057.png
HRD,2009,Deep,DW,HRD/2009 HRD/Deep/images/DSC00058.png
HRD,2009,Deep,DW,HRD/2009 HRD/Deep/images/DSC00059.png
HRD,2009,Deep,DW,HRD/2009 HRD/Deep/images/DSC00060.png
HRD,2009,Deep,DW,HRD/2009 HRD/Deep/images/DSC00061.png
HRD,2009,Deep,DW,HRD/2009 HRD/Deep/images/DSC00062.png
HRD,2009,Deep,DW,HRD/2009 HRD/Deep/images/DSC00063.png
HRD,2009,Deep,R,HRD/2009 HRD/Deep/images/DSC00067.png
HRD,2009,Deep,R,HRD/2009 HRD/Deep/images/DSC00068.png
HRD,2009,Deep,R,HRD/2009 HRD/Deep/images/DSC00069.png
HRD,2009,Deep,R,HRD/2009 HRD/Deep/images/DSC00070.png
HRD,2009,Deep,R,HRD/2009 HRD/Deep/images/DSC00071.png
HRD,2009,Deep,R,HRD/2009 HRD/Deep/images/DSC00072.png
HRD,2009,Deep,R,HRD/2009 HRD/Deep/images/DSC00073.png
HRD,2009,Deep,R,HRD/2009 HRD/Deep/images/DSC00074.png
HRD,2009,Deep,R,HRD/2009 HRD/Deep/images/DSC00075.png
HRD,2009,Deep,R,HRD/2009 HRD/Deep/images/DSC00076.png
HRD,2009,Deep,R,HRD/2009 HRD/Deep/images/DSC00077.png
HRD,2009,Deep,R,HRD/2009 HRD/Deep/images/DSC00078.png
HRD,2009,Deep,R,HRD/2009 HRD/Deep/images/DSC00079.png
HRD,2009,Deep,R,HRD/2009 HRD/Deep/images/DSC00080.png
HRD,2009,Deep,R,HRD/2009 HRD/Deep/images/DSC00081.png
HRD,2009,Deep,R,HRD/2009 HRD/Deep/images/DSC00082.png
HRD,2009,Deep,R,HRD/2009 HRD/Deep/images/DSC00083.png
HRD,2009,Deep,R,HRD/2009 HRD/Deep/images/DSC00084.png
HRD,2009,Deep,R,HRD/2009 HRD/Deep/images/DSC00085.png
HRD,2009,Deep,R,HRD/2009 HRD/Deep/images/DSC00086.png
HRD,2009,Deep,R,HRD/2009 HRD/Deep/images/DSC00087.png
HRD,2009,Deep,R,HRD/2009 HRD/Deep/images/DSC00088.png
HRD,2009,Deep,R,HRD/2009 HRD/Deep/images/DSC00089.png
HRD,2009,Deep,R,HRD/2009 HRD/Deep/images/DSC00090.png
HRD,2009,Deep,R,HRD/2009 HRD/Deep/images/DSC00091.png
HRD,2009,Deep,R,HRD/2009 HRD/Deep/images/DSC00092.png
HRD,2009,Mid,SW,HRD/2009 HRD/Mid/images/DSC00093.png
HRD,2009,Mid,SW,HRD/2009 HRD/Mid/images/DSC00094.png
HRD,2009,Mid,SW,HRD/2009 HRD/Mid/images/DSC00095.png
HRD,2009,Mid,SW,HRD/2009 HRD/Mid/images/DSC00096.png
HRD,2009,Mid,SW,HRD/2009 HRD/Mid/images/DSC00097.png
HRD,2009,Mid,SW,HRD/2009 HRD/Mid/images/DSC00098.png
HRD,2009,Mid,SW,HRD/2009 HRD/Mid/images/DSC00099.png
HRD,2009,Mid,SW,HRD/2009 HRD/Mid/images/DSC00100.png
HRD,2009,Mid,SW,HRD/2009 HRD/Mid/images/DSC00101.png
HRD,2009,Mid,SW,HRD/2009 HRD/Mid/images/DSC00102.png
HRD,2009,Mid,SW,HRD/2009 HRD/Mid/images/DSC00103.png
HRD,2009,Mid,SW,HRD/2009 HRD/Mid/images/DSC00104.png
HRD,2010,Deep,DW,HRD/2010 HRD/Deep/images/P1010004.png
HRD,2010,Deep,DW,HRD/2010 HRD/Deep/images/P1010005.png
HRD,2010,Deep,DW,HRD/2010 HRD/Deep/images/P1010006.png
HRD,2010,Deep,DW,HRD/2010 HRD/Deep/images/P1010007.png
HRD,2010,Deep,DW,HRD/2010 HRD/Deep/images/P1010008.png
HRD,2010,Deep,DW,HRD/2010 HRD/Deep/images/P1010009.png
HRD,2010,Deep,DW,HRD/2010 HRD/Deep/images/P1010010.png
HRD,2010,Deep,DW,HRD/2010 HRD/Deep/images/P1010011.png
HRD,2010,Deep,DW,HRD/2010 HRD/Deep/images/P1010012.png
HRD,2010,Deep,DW,HRD/2010 HRD/Deep/images/P1010013.png
HRD,2010,Deep,DW,HRD/2010 HRD/Deep/images/P1010014.png
HRD,2010,Deep,DW,HRD/2010 HRD/Deep/images/P1010015.png
HRD,2010,Deep,DW,HRD/2010 HRD/Deep/images/P1010016.png
HRD,2010,Deep,DW,HRD/2010 HRD/Deep/images/P1010017.png
HRD,2010,Deep,DW,HRD/2010 HRD/Deep/images/P1010018.png
HRD,2010,Deep,DW,HRD/2010 HRD/Deep/images/P1010019.png
HRD,2010,Deep,DW,HRD/2010 HRD/Deep/images/P1010020.png
HRD,2010,Deep,DW,HRD/2010 HRD/Deep/images/P1010021.png
HRD,2010,Deep,R,HRD/2010 HRD/Deep/images/P1010023.png
HRD,2010,Deep,R,HRD/2010 HRD/Deep/images/P1010024.png
HRD,2010,Deep,R,HRD/2010 HRD/Deep/images/P1010025.png
HRD,2010,Deep,R,HRD/2010 HRD/Deep/images/P1010026.png
HRD,2010,Deep,R,HRD/2010 HRD/Deep/images/P1010027.png
HRD,2010,Deep,R,HRD/2010 HRD/Deep/images/P1010028.png
HRD,2010,Deep,R,HRD/2010 HRD/Deep/images/P1010029.png
HRD,2010,Deep,R,HRD/2010 HRD/Deep/images/P1010030.png
HRD,2010,Deep,R,HRD/2010 HRD/Deep/images/P1010031.png
HRD,2010,Deep,R,HRD/2010 HRD/Deep/images/P1010032.png
HRD,2010,Deep,R,HRD/2010 HRD/Deep/images/P1010033.png
HRD,2010,Deep,R,HRD/2010 HRD/Deep/images/P1010034.png
HRD,2010,Deep,R,HRD/2010 HRD/Deep/images/P1010035.png
HRD,2010,Deep,R,HRD/2010 HRD/Deep/images/P1010036.png
HRD,2010,Deep,R,HRD/2010 HRD/Deep/images/P1010037.png
HRD,2010,Deep,R,HRD/2010 HRD/Deep/images/P1010038.png
HRD,2010,Deep,R,HRD/2010 HRD/Deep/images/P1010039.png
HRD,2010,Deep,R,HRD/2010 HRD/Deep/images/P1010040.png
HRD,2010,Deep,R,HRD/2010 HRD/Deep/images/P1010041.png
HRD,2010,Deep,R,HRD/2010 HRD/Deep/images/P1010042.png
HRD,2010,Deep,R,HRD/2010 HRD/Deep/images/P1010043.png
HRD,2010,Deep,R,HRD/2010 HRD/Deep/images/P1010044.png
HRD,2010,Deep,R,HRD/2010 HRD/Deep/images/P1010045.png
HRD,2010,Deep,R,HRD/2010 HRD/Deep/images/P1010046.png
HRD,2010,Deep,R,HRD/2010 HRD/Deep/images/P1010047.png
HRD,2010,Deep,R,HRD/2010 HRD/Deep/images/P1010048.png
HRD,2010,Deep,R,HRD/2010 HRD/Deep/images/P1010049.png
HRD,2010,Deep,R,HRD/2010 HRD/Deep/images/P1010050.png
HRD,2010,Deep,R,HRD/2010 HRD/Deep/images/P1010051.png
HRD,2010,Deep,R,HRD/2010 HRD/Deep/images/P1010052.png
HRD,2010,Deep,R,HRD/2010 HRD/Deep/images/P1010053.png
HRD,2010,Deep,R,HRD/2010 HRD/Deep/images/P1010054.png
HRD,2010,Deep,R,HRD/2010 HRD/Deep/images/P1010055.png
HRD,2010,Deep,R,HRD/2010 HRD/Deep/images/P1010056.png
HRD,2010,Deep,R,HRD/2010 HRD/Deep/images/P1010057.png
HRD,2010,Deep,R,HRD/2010 HRD/Deep/images/P1010058.png
HRD,2010,Deep,R,HRD/2010 HRD/Deep/images/P1010059.png
HRD,2010,Deep,R,HRD/2010 HRD/Deep/images/P1010060.png
HRD,2010,Mid,SW,HRD/2010 HRD/Mid/images/P1010061.png
HRD,2010,Mid,SW,HRD/2010 HRD/Mid/images/P1010062.png
HRD,2010,Mid,SW,HRD/2010 HRD/Mid/images/P1010063.png
HRD,2010,Mid,SW,HRD/2010 HRD/Mid/images/P1010064.png
HRD,2010,Mid,SW,HRD/2010 HRD/Mid/images/P1010065.png
HRD,2010,Mid,SW,HRD/2010 HRD/Mid/images/P1010066.png
HRD,2010,Mid,SW,HRD/2010 HRD/Mid/images/P1010067.png
HRD,2010,Mid,SW,HRD/2010 HRD/Mid/images/P1010068.png
HRD,2010,Mid,SW,HRD/2010 HRD/Mid/images/P1010069.png
HRD,2010,Mid,SW,HRD/2010 HRD/Mid/images/P1010070.png
HRD,2010,Mid,SW,HRD/2010 HRD/Mid/images/P1010071.png
HRD,2010,Mid,SW,HRD/2010 HRD/Mid/images/P1010072.png
HRD,2010,Mid,SW,HRD/2010 HRD/Mid/images/P1010073.png
HRD,2010,Mid,SW,HRD/2010 HRD/Mid/images/P1010074.png
HRD,2010,Mid,SW,HRD/2010 HRD/Mid/images/P1010075.png
HRD,2010,Mid,SW,HRD/2010 HRD/Mid/images/P1010076.png
HRD,2012,Deep,R,HRD/2012 HRD/Deep/images/DSC_0131.png
HRD,2012,Deep,R,HRD/2012 HRD/Deep/images/DSC_0133.png
HRD,2012,Deep,R,HRD/2012 HRD/Deep/images/DSC_0135.png
HRD,2012,Deep,R,HRD/2012 HRD/Deep/images/DSC_0137.png
HRD,2012,Deep,R,HRD/2012 HRD/Deep/images/DSC_0139.png
HRD,2012,Deep,R,HRD/2012 HRD/Deep/images/DSC_0141.png
HRD,2012,Deep,R,HRD/2012 HRD/Deep/images/DSC_0143.png
HRD,2012,Deep,R,HRD/2012 HRD/Deep/images/DSC_0144.png
HRD,2012,Deep,R,HRD/2012 HRD/Deep/images/DSC_0146.png
HRD,2012,Deep,R,HRD/2012 HRD/Deep/images/DSC_0148.png
HRD,2012,Deep,R,HRD/2012 HRD/Deep/images/DSC_0151.png
HRD,2012,Deep,R,HRD/2012 HRD/Deep/images/DSC_0154.png
HRD,2012,Deep,R,HRD/2012 HRD/Deep/images/DSC_0155.png
HRD,2012,Deep,R,HRD/2012 HRD/Deep/images/DSC_0158.png
HRD,2012,Deep,R,HRD/2012 HRD/Deep/images/DSC_0159.png
HRD,2012,Deep,R,HRD/2012 HRD/Deep/images/DSC_0161.png
HRD,2012,Deep,R,HRD/2012 HRD/Deep/images/DSC_0164.png
HRD,2012,Deep,R,HRD/2012 HRD/Deep/images/DSC_0165.png
HRD,2012,Deep,R,HRD/2012 HRD/Deep/images/DSC_0167.png
HRD,2012,Deep,R,HRD/2012 HRD/Deep/images/DSC_0169.png
HRD,2012,Deep,R,HRD/2012 HRD/Deep/images/DSC_0171.png
HRD,2012,Deep,R,HRD/2012 HRD/Deep/images/DSC_0173.png
HRD,2012,Deep,R,HRD/2012 HRD/Deep/images/DSC_0175.png
HRD,2012,Deep,R,HRD/2012 HRD/Deep/images/DSC_0178.png
HRD,2012,Deep,R,HRD/2012 HRD/Deep/images/DSC_0179.png
HRD,2012,Deep,R,HRD/2012 HRD/Deep/images/DSC_0181.png
HRD,2012,Deep,R,HRD/2012 HRD/Deep/images/DSC_0184.png
HRD,2012,Deep,R,HRD/2012 HRD/Deep/images/DSC_0185.png
HRD,2012,Deep,R,HRD/2012 HRD/Deep/images/DSC_0187.png
HRD,2012,Deep,R,HRD/2012 HRD/Deep/images/DSC_0189.png
HRD,2012,Deep,R,HRD/2012 HRD/Deep/images/DSC_0191.png
HRD,2012,Deep,R,HRD/2012 HRD/Deep/images/DSC_0193.png
HRD,2012,Deep,R,HRD/2012 HRD/Deep/images/DSC_0196.png
HRD,2012,Deep,R,HRD/2012 HRD/Deep/images/DSC_0197.png
HRD,2012,Deep,R,HRD/2012 HRD/Deep/images/DSC_0200.png
HRD,2012,Deep,DW,HRD/2012 HRD/Deep/images/DSC_0202.png
HRD,2012,Deep,DW,HRD/2012 HRD/Deep/images/DSC_0204.png
HRD,2012,Deep,DW,HRD/2012 HRD/Deep/images/DSC_0206.png
HRD,2012,Deep,DW,HRD/2012 HRD/Deep/images/DSC_0208.png
HRD,2012,Deep,DW,HRD/2012 HRD/Deep/images/DSC_0210.png
HRD,2012,Deep,DW,HRD/2012 HRD/Deep/images/DSC_0212.png
HRD,2012,Deep,DW,HRD/2012 HRD/Deep/images/DSC_0214.png
HRD,2012,Deep,DW,HRD/2012 HRD/Deep/images/DSC_0216.png
HRD,2012,Deep,DW,HRD/2012 HRD/Deep/images/DSC_0218.png
HRD,2012,Deep,DW,HRD/2012 HRD/Deep/images/DSC_0220.png
HRD,2012,Deep,DW,HRD/2012 HRD/Deep/images/DSC_0222.png
HRD,2012,Deep,DW,HRD/2012 HRD/Deep/images/DSC_0224.png
HRD,2012,Deep,DW,HRD/2012 HRD/Deep/images/DSC_0226.png
HRD,2012,Deep,DW,HRD/2012 HRD/Deep/images/DSC_0228.png
HRD,2012,Deep,DW,HRD/2012 HRD/Deep/images/DSC_0230.png
HRD,2012,Deep,DW,HRD/2012 HRD/Deep/images/DSC_0232.png
HRD,2012,Deep,DW,HRD/2012 HRD/Deep/images/DSC_0234.png
HRD,2012,Mid,SW,HRD/2012 HRD/Mid/images/DSC_0097.png
HRD,2012,Mid,SW,HRD/2012 HRD/Mid/images/DSC_0099.png
HRD,2012,Mid,SW,HRD/2012 HRD/Mid/images/DSC_0101.png
HRD,2012,Mid,SW,HRD/2012 HRD/Mid/images/DSC_0104.png
HRD,2012,Mid,SW,HRD/2012 HRD/Mid/images/DSC_0106.png
HRD,2012,Mid,SW,HRD/2012 HRD/Mid/images/DSC_0108.png
HRD,2012,Mid,SW,HRD/2012 HRD/Mid/images/DSC_0110.png
HRD,2012,Mid,SW,HRD/2012 HRD/Mid/images/DSC_0112.png
HRD,2012,Mid,SW,HRD/2012 HRD/Mid/images/DSC_0113.png
HRD,2012,Mid,SW,HRD/2012 HRD/Mid/images/DSC_0115.png
HRD,2012,Mid,SW,HRD/2012 HRD/Mid/images/DSC_0117.png
HRD,2012,Mid,SW,HRD/2012 HRD/Mid/images/DSC_0118.png
HRD,2012,Mid,SW,HRD/2012 HRD/Mid/images/DSC_0120.png
HRD,2012,Mid,SW,HRD/2012 HRD/Mid/images/DSC_0122.png
HRD,2012,Mid,SW,HRD/2012 HRD/Mid/images/DSC_0124.png
HRD,2013,Deep,DW,HRD/2013 HRD/Deep/images/DSC_0063.png
HRD,2013,Deep,DW,HRD/2013 HRD/Deep/images/DSC_0064.png
HRD,2013,Deep,DW,HRD/2013 HRD/Deep/images/DSC_0064A.png
HRD,2013,Deep,DW,HRD/2013 HRD/Deep/images/DSC_0066.png
HRD,2013,Deep,DW,HRD/2013 HRD/Deep/images/DSC_0067.png
HRD,2013,Deep,DW,HRD/2013 HRD/Deep/images/DSC_0068.png
HRD,2013,Deep,DW,HRD/2013 HRD/Deep/images/DSC_0069.png
HRD,2013,Deep,DW,HRD/2013 HRD/Deep/images/DSC_0070.png
HRD,2013,Deep,DW,HRD/2013 HRD/Deep/images/DSC_0071.png
HRD,2013,Deep,DW,HRD/2013 HRD/Deep/images/DSC_0072.png
HRD,2013,Deep,DW,HRD/2013 HRD/Deep/images/DSC_0073.png
HRD,2013,Deep,DW,HRD/2013 HRD/Deep/images/DSC_0074.png
HRD,2013,Deep,DW,HRD/2013 HRD/Deep/images/DSC_0075.png
HRD,2013,Deep,DW,HRD/2013 HRD/Deep/images/DSC_0076.png
HRD,2013,Deep,DW,HRD/2013 HRD/Deep/images/DSC_0077.png
HRD,2013,Deep,DW,HRD/2013 HRD/Deep/images/DSC_0078.png
HRD,2013,Deep,DW,HRD/2013 HRD/Deep/images/DSC_0079.png
HRD,2013,Deep,DW,HRD/2013 HRD/Deep/images/DSC_0080.png
HRD,2013,Deep,DW,HRD/2013 HRD/Deep/images/DSC_0081.png
HRD,2013,Deep,R,HRD/2013 HRD/Deep/images/DSC_0083.png
HRD,2013,Deep,R,HRD/2013 HRD/Deep/images/DSC_0084.png
HRD,2013,Deep,R,HRD/2013 HRD/Deep/images/DSC_0086.png
HRD,2013,Deep,R,HRD/2013 HRD/Deep/images/DSC_0087.png
HRD,2013,Deep,R,HRD/2013 HRD/Deep/images/DSC_0089.png
HRD,2013,Deep,R,HRD/2013 HRD/Deep/images/DSC_0090.png
HRD,2013,Deep,R,HRD/2013 HRD/Deep/images/DSC_0091.png
HRD,2013,Deep,R,HRD/2013 HRD/Deep/images/DSC_0092.png
HRD,2013,Deep,R,HRD/2013 HRD/Deep/images/DSC_0093.png
HRD,2013,Deep,R,HRD/2013 HRD/Deep/images/DSC_0115.png
HRD,2013,Deep,R,HRD/2013 HRD/Deep/images/DSC_0116.png
HRD,2013,Deep,R,HRD/2013 HRD/Deep/images/DSC_0118.png
HRD,2013,Deep,R,HRD/2013 HRD/Deep/images/DSC_0119.png
HRD,2013,Deep,R,HRD/2013 HRD/Deep/images/DSC_0120.png
HRD,2013,Deep,R,HRD/2013 HRD/Deep/images/DSC_0121.png
HRD,2013,Deep,R,HRD/2013 HRD/Deep/images/DSC_0123.png
HRD,2013,Deep,R,HRD/2013 HRD/Deep/images/DSC_0124.png
HRD,2013,Deep,R,HRD/2013 HRD/Deep/images/DSC_0125.png
HRD,2013,Deep,R,HRD/2013 HRD/Deep/images/DSC_0126.png
HRD,2013,Deep,R,HRD/2013 HRD/Deep/images/DSC_0140.png
HRD,2013,Deep,R,HRD/2013 HRD/Deep/images/DSC_0141.png
HRD,2013,Deep,R,HRD/2013 HRD/Deep/images/DSC_0142.png
HRD,2013,Deep,R,HRD/2013 HRD/Deep/images/DSC_0143.png
HRD,2013,Deep,R,HRD/2013 HRD/Deep/images/DSC_0144.png
HRD,2013,Deep,R,HRD/2013 HRD/Deep/images/DSC_0145.png
HRD,2013,Deep,R,HRD/2013 HRD/Deep/images/DSC_0146.png
HRD,2013,Deep,R,HRD/2013 HRD/Deep/images/DSC_0147.png
HRD,2013,Deep,R,HRD/2013 HRD/Deep/images/DSC_0148.png
HRD,2013,Deep,R,HRD/2013 HRD/Deep/images/DSC_0149.png
HRD,2013,Deep,R,HRD/2013 HRD/Deep/images/DSC_0150.png
HRD,2013,Deep,R,HRD/2013 HRD/Deep/images/DSC_0151.png
HRD,2013,Deep,R,HRD/2013 HRD/Deep/images/DSC_0152.png
HRD,2013,Deep,R,HRD/2013 HRD/Deep/images/DSC_0153.png
HRD,2013,Deep,R,HRD/2013 HRD/Deep/images/DSC_0154.png
HRD,2013,Deep,R,HRD/2013 HRD/Deep/images/DSC_0155.png
HRD,2013,Deep,R,HRD/2013 HRD/Deep/images/DSC_0156.png
HRD,2013,Deep,R,HRD/2013 HRD/Deep/images/DSC_0157.png
HRD,2013,Deep,R,HRD/2013 HRD/Deep/images/DSC_0158.png
HRD,2013,Deep,R,HRD/2013 HRD/Deep/images/DSC_0159.png
HRD,2013,Mid,SW,HRD/2013 HRD/Mid/images/DSC_0161.png
HRD,2013,Mid,SW,HRD/2013 HRD/Mid/images/DSC_0162.png
HRD,2013,Mid,SW,HRD/2013 HRD/Mid/images/DSC_0163.png
HRD,2013,Mid,SW,HRD/2013 HRD/Mid/images/DSC_0164.png
HRD,2013,Mid,SW,HRD/2013 HRD/Mid/images/DSC_0165.png
HRD,2013,Mid,SW,HRD/2013 HRD/Mid/images/DSC_0166.png
HRD,2013,Mid,SW,HRD/2013 HRD/Mid/images/DSC_0167.png
HRD,2013,Mid,SW,HRD/2013 HRD/Mid/images/DSC_0168.png
HRD,2013,Mid,SW,HRD/2013 HRD/Mid/images/DSC_0169.png
HRD,2013,Mid,SW,HRD/2013 HRD/Mid/images/DSC_0170.png
HRD,2013,Mid,SW,HRD/2013 HRD/Mid/images/DSC_0171.png
HRD,2013,Mid,SW,HRD/2013 HRD/Mid/images/DSC_0172.png
HRD,2013,Mid,SW,HRD/2013 HRD/Mid/images/DSC_0173.png
HRD,2013,Mid,SW,HRD/2013 HRD/Mid/images/DSC_0174.png
HRD,2013,Mid,SW,HRD/2013 HRD/Mid/images/DSC_0175.png
HRD,2013,Mid,SW,HRD/2013 HRD/Mid/images/DSC_0176.png
HRD,2013,Mid,SW,HRD/2013 HRD/Mid/images/DSC_0177.png
HRD,2013,Mid,SW,HRD/2013 HRD/Mid/images/DSC_0178putty.png
HRD,2013,Mid,SW,HRD/2013 HRD/Mid/images/DSC_0179putty.png
HRD,2013,Mid,SW,HRD/2013 HRD/Mid/images/DSC_0180.png
HRD,2013,Mid,SW,HRD/2013 HRD/Mid/images/DSC_0181.png
HRD,2013,Mid,SW,HRD/2013 HRD/Mid/images/DSC_0182.png
HRD,2013,Mid,SW,HRD/2013 HRD/Mid/images/DSC_0183.png
HRD,2013,Mid,SW,HRD/2013 HRD/Mid/images/DSC_0184.png
HRD,2013,Mid,SW,HRD/2013 HRD/Mid/images/DSC_0185.png
HRD,2013,Mid,SW,HRD/2013 HRD/Mid/images/DSC_0186.png
HRD,2013,Mid,SW,HRD/2013 HRD/Mid/images/DSC_0187.png
HRD,2013,Mid,SW,HRD/2013 HRD/Mid/images/DSC_0188.png
HRD,2013,Mid,SW,HRD/2013 HRD/Mid/images/DSC_0189.png
HRD,2014,Deep,DW,HRD/2014 HRD/Deep/images/DSC_0131.png
HRD,2014,Deep,DW,HRD/2014 HRD/Deep/images/DSC_0132.png
HRD,2014,Deep,DW,HRD/2014 HRD/Deep/images/DSC_0133.png
HRD,2014,Deep,DW,HRD/2014 HRD/Deep/images/DSC_0134.png
HRD,2014,Deep,DW,HRD/2014 HRD/Deep/images/DSC_0135.png
HRD,2014,Deep,DW,HRD/2014 HRD/Deep/images/DSC_0136.png
HRD,2014,Deep,DW,HRD/2014 HRD/Deep/images/DSC_0137.png
HRD,2014,Deep,DW,HRD/2014 HRD/Deep/images/DSC_0138.png
HRD,2014,Deep,DW,HRD/2014 HRD/Deep/images/DSC_0139.png
HRD,2014,Deep,DW,HRD/2014 HRD/Deep/images/DSC_0140.png
HRD,2014,Deep,DW,HRD/2014 HRD/Deep/images/DSC_0141.png
HRD,2014,Deep,DW,HRD/2014 HRD/Deep/images/DSC_0142.png
HRD,2014,Deep,DW,HRD/2014 HRD/Deep/images/DSC_0143.png
HRD,2014,Deep,DW,HRD/2014 HRD/Deep/images/DSC_0144.png
HRD,2014,Deep,DW,HRD/2014 HRD/Deep/images/DSC_0145.png
HRD,2014,Deep,DW,HRD/2014 HRD/Deep/images/DSC_0146.png
HRD,2014,Deep,DW,HRD/2014 HRD/Deep/images/DSC_0147.png
HRD,2014,Deep,DW,HRD/2014 HRD/Deep/images/DSC_0148.png
HRD,2014,Deep,DW,HRD/2014 HRD/Deep/images/DSC_0149.png
HRD,2014,Deep,DW,HRD/2014 HRD/Deep/images/DSC_0150.png
HRD,2014,Deep,DW,HRD/2014 HRD/Deep/images/DSC_0151.png
HRD,2014,Deep,DW,HRD/2014 HRD/Deep/images/DSC_0152.png
HRD,2014,Deep,DW,HRD/2014 HRD/Deep/images/DSC_0153.png
HRD,2014,Deep,DW,HRD/2014 HRD/Deep/images/DSC_0154.png
HRD,2014,Deep,DW,HRD/2014 HRD/Deep/images/DSC_0155.png
HRD,2014,Deep,R,HRD/2014 HRD/Deep/images/DSC_0157.png
HRD,2014,Deep,R,HRD/2014 HRD/Deep/images/DSC_0158.png
HRD,2014,Deep,R,HRD/2014 HRD/Deep/images/DSC_0159.png
HRD,2014,Deep,R,HRD/2014 HRD/Deep/images/DSC_0160.png
HRD,2014,Deep,R,HRD/2014 HRD/Deep/images/DSC_0161.png
HRD,2014,Deep,R,HRD/2014 HRD/Deep/images/DSC_0162.png
HRD,2014,Deep,R,HRD/2014 HRD/Deep/images/DSC_0163.png
HRD,2014,Deep,R,HRD/2014 HRD/Deep/images/DSC_0164.png
HRD,2014,Deep,R,HRD/2014 HRD/Deep/images/DSC_0165.png
HRD,2014,Deep,R,HRD/2014 HRD/Deep/images/DSC_0166.png
HRD,2014,Deep,R,HRD/2014 HRD/Deep/images/DSC_0167.png
HRD,2014,Deep,R,HRD/2014 HRD/Deep/images/DSC_0168.png
HRD,2014,Deep,R,HRD/2014 HRD/Deep/images/DSC_0169.png
HRD,2014,Deep,R,HRD/2014 HRD/Deep/images/DSC_0170.png
HRD,2014,Deep,R,HRD/2014 HRD/Deep/images/DSC_0171.png
HRD,2014,Deep,R,HRD/2014 HRD/Deep/images/DSC_0172.png
HRD,2014,Deep,R,HRD/2014 HRD/Deep/images/DSC_0173.png
HRD,2014,Deep,R,HRD/2014 HRD/Deep/images/DSC_0175.png
HRD,2014,Deep,R,HRD/2014 HRD/Deep/images/DSC_0176.png
HRD,2014,Deep,R,HRD/2014 HRD/Deep/images/DSC_0177.png
HRD,2014,Deep,R,HRD/2014 HRD/Deep/images/DSC_0178.png
HRD,2014,Deep,R,HRD/2014 HRD/Deep/images/DSC_0179.png
HRD,2014,Deep,R,HRD/2014 HRD/Deep/images/DSC_0180.png
HRD,2014,Deep,R,HRD/2014 HRD/Deep/images/DSC_0181.png
HRD,2014,Deep,R,HRD/2014 HRD/Deep/images/DSC_0182.png
HRD,2014,Deep,R,HRD/2014 HRD/Deep/images/DSC_0183.png
HRD,2014,Deep,R,HRD/2014 HRD/Deep/images/DSC_0184.png
HRD,2014,Deep,R,HRD/2014 HRD/Deep/images/DSC_0185.png
HRD,2014,Deep,R,HRD/2014 HRD/Deep/images/DSC_0186.png
HRD,2014,Deep,R,HRD/2014 HRD/Deep/images/DSC_0187.png
HRD,2014,Deep,R,HRD/2014 HRD/Deep/images/DSC_0188.png
HRD,2014,Deep,R,HRD/2014 HRD/Deep/images/DSC_0189.png
HRD,2014,Deep,R,HRD/2014 HRD/Deep/images/DSC_0190.png
HRD,2014,Deep,R,HRD/2014 HRD/Deep/images/DSC_0191.png
HRD,2014,Deep,R,HRD/2014 HRD/Deep/images/DSC_0192.png
HRD,2014,Deep,R,HRD/2014 HRD/Deep/images/DSC_0193.png
HRD,2014,Deep,R,HRD/2014 HRD/Deep/images/DSC_0194.png
HRD,2014,Deep,R,HRD/2014 HRD/Deep/images/DSC_0195.png
HRD,2014,Deep,R,HRD/2014 HRD/Deep/images/DSC_0196.png
HRD,2014,Deep,R,HRD/2014 HRD/Deep/images/DSC_0197.png
HRD,2014,Deep,R,HRD/2014 HRD/Deep/images/DSC_0198.png
HRD,2014,Mid,SW,HRD/2014 HRD/Mid/images/DSC_0199.png
HRD,2014,Mid,SW,HRD/2014 HRD/Mid/images/DSC_0200.png
HRD,2014,Mid,SW,HRD/2014 HRD/Mid/images/DSC_0201.png
HRD,2014,Mid,SW,HRD/2014 HRD/Mid/images/DSC_0202.png
HRD,2014,Mid,SW,HRD/2014 HRD/Mid/images/DSC_0203.png
HRD,2014,Mid,SW,HRD/2014 HRD/Mid/images/DSC_0204.png
HRD,2014,Mid,SW,HRD/2014 HRD/Mid/images/DSC_0205.png
HRD,2014,Mid,SW,HRD/2014 HRD/Mid/images/DSC_0206.png
HRD,2014,Mid,SW,HRD/2014 HRD/Mid/images/DSC_0207.png
HRD,2014,Mid,SW,HRD/2014 HRD/Mid/images/DSC_0208.png
HRD,2014,Mid,SW,HRD/2014 HRD/Mid/images/DSC_0209.png
HRD,2014,Mid,SW,HRD/2014 HRD/Mid/images/DSC_0210.png
HRD,2014,Mid,SW,HRD/2014 HRD/Mid/images/DSC_0211.png
HRD,2014,Mid,SW,HRD/2014 HRD/Mid/images/DSC_0212.png
HRD,2014,Mid,SW,HRD/2014 HRD/Mid/images/DSC_0213.png
HRD,2014,Mid,SW,HRD/2014 HRD/Mid/images/DSC_0214.png
HRD,2014,Mid,SW,HRD/2014 HRD/Mid/images/DSC_0215.png
HRD,2014,Mid,SW,HRD/2014 HRD/Mid/images/DSC_0216.png
HRD,2014,Mid,SW,HRD/2014 HRD/Mid/images/DSC_0217.png
HRD,2014,Mid,SW,HRD/2014 HRD/Mid/images/DSC_0218.png
HRD,2014,Mid,SW,HRD/2014 HRD/Mid/images/DSC_0219.png
HRD,2014,Mid,SW,HRD/2014 HRD/Mid/images/DSC_0220.png
HRD,2014,Mid,SW,HRD/2014 HRD/Mid/images/DSC_0221.png
HRD,2014,Mid,SW,HRD/2014 HRD/Mid/images/DSC_0222.png
HRD,2014,Mid,SW,HRD/2014 HRD/Mid/images/DSC_0223.png
HRD,2014,Mid,SW,HRD/2014 HRD/Mid/images/DSC_0224.png
HRD,2014,Mid,SW,HRD/2014 HRD/Mid/images/DSC_0225.png
HRD,2014,Mid,SW,HRD/2014 HRD/Mid/images/DSC_0226.png
HRD,2015,Deep,DW,HRD/2015 HRD/Deep/images/DSC_0003.png
HRD,2015,Deep,DW,HRD/2015 HRD/Deep/images/DSC_0004.png
HRD,2015,Deep,DW,HRD/2015 HRD/Deep/images/DSC_0005.png
HRD,2015,Deep,DW,HRD/2015 HRD/Deep/images/DSC_0006.png
HRD,2015,Deep,DW,HRD/2015 HRD/Deep/images/DSC_0007.png
HRD,2015,Deep,DW,HRD/2015 HRD/Deep/images/DSC_0008.png
HRD,2015,Deep,DW,HRD/2015 HRD/Deep/images/DSC_0009.png
HRD,2015,Deep,DW,HRD/2015 HRD/Deep/images/DSC_0010.png
HRD,2015,Deep,DW,HRD/2015 HRD/Deep/images/DSC_0011.png
HRD,2015,Deep,DW,HRD/2015 HRD/Deep/images/DSC_0013.png
HRD,2015,Deep,DW,HRD/2015 HRD/Deep/images/DSC_0014.png
HRD,2015,Deep,DW,HRD/2015 HRD/Deep/images/DSC_0015.png
HRD,2015,Deep,DW,HRD/2015 HRD/Deep/images/DSC_0020.png
HRD,2015,Deep,DW,HRD/2015 HRD/Deep/images/DSC_0021.png
HRD,2015,Deep,DW,HRD/2015 HRD/Deep/images/DSC_0022.png
HRD,2015,Deep,DW,HRD/2015 HRD/Deep/images/DSC_0023.png
HRD,2015,Deep,R,HRD/2015 HRD/Deep/images/DSC_0025.png
HRD,2015,Deep,R,HRD/2015 HRD/Deep/images/DSC_0026.png
HRD,2015,Deep,R,HRD/2015 HRD/Deep/images/DSC_0027.png
HRD,2015,Deep,R,HRD/2015 HRD/Deep/images/DSC_0028.png
HRD,2015,Deep,R,HRD/2015 HRD/Deep/images/DSC_0029.png
HRD,2015,Deep,R,HRD/2015 HRD/Deep/images/DSC_0030.png
HRD,2015,Deep,R,HRD/2015 HRD/Deep/images/DSC_0031.png
HRD,2015,Deep,R,HRD/2015 HRD/Deep/images/DSC_0032.png
HRD,2015,Deep,R,HRD/2015 HRD/Deep/images/DSC_0035.png
HRD,2015,Deep,R,HRD/2015 HRD/Deep/images/DSC_0036.png
HRD,2015,Deep,R,HRD/2015 HRD/Deep/images/DSC_0038.png
HRD,2015,Deep,R,HRD/2015 HRD/Deep/images/DSC_0039.png
HRD,2015,Deep,R,HRD/2015 HRD/Deep/images/DSC_0040.png
HRD,2015,Deep,R,HRD/2015 HRD/Deep/images/DSC_0041.png
HRD,2015,Deep,R,HRD/2015 HRD/Deep/images/DSC_0042.png
HRD,2015,Deep,R,HRD/2015 HRD/Deep/images/DSC_0043.png
HRD,2015,Deep,R,HRD/2015 HRD/Deep/images/DSC_0044.png
HRD,2015,Deep,R,HRD/2015 HRD/Deep/images/DSC_0045.png
HRD,2015,Deep,R,HRD/2015 HRD/Deep/images/DSC_0046.png
HRD,2015,Deep,R,HRD/2015 HRD/Deep/images/DSC_0047.png
HRD,2015,Deep,R,HRD/2015 HRD/Deep/images/DSC_0048.png
HRD,2015,Deep,R,HRD/2015 HRD/Deep/images/DSC_0049.png
HRD,2015,Deep,R,HRD/2015 HRD/Deep/images/DSC_0050.png
HRD,2015,Deep,R,HRD/2015 HRD/Deep/images/DSC_0051.png
HRD,2015,Deep,R,HRD/2015 HRD/Deep/images/DSC_0052.png
HRD,2015,Deep,R,HRD/2015 HRD/Deep/images/DSC_0053.png
HRD,2015,Deep,R,HRD/2015 HRD/Deep/images/DSC_0054.png
HRD,2015,Deep,R,HRD/2015 HRD/Deep/images/DSC_0055.png
HRD,2015,Deep,R,HRD/2015 HRD/Deep/images/DSC_0056.png
HRD,2015,Deep,R,HRD/2015 HRD/Deep/images/DSC_0058.png
HRD,2015,Deep,R,HRD/2015 HRD/Deep/images/DSC_0059.png
HRD,2015,Deep,R,HRD/2015 HRD/Deep/images/DSC_0060.png
HRD,2015,Deep,R,HRD/2015 HRD/Deep/images/DSC_0061.png
HRD,2015,Mid,SW,HRD/2015 HRD/Mid/images/DSC_0063.png
HRD,2015,Mid,SW,HRD/2015 HRD/Mid/images/DSC_0064.png
HRD,2015,Mid,SW,HRD/2015 HRD/Mid/images/DSC_0065.png
HRD,2015,Mid,SW,HRD/2015 HRD/Mid/images/DSC_0066.png
HRD,2015,Mid,SW,HRD/2015 HRD/Mid/images/DSC_0067.png
HRD,2015,Mid,SW,HRD/2015 HRD/Mid/images/DSC_0068.png
HRD,2015,Mid,SW,HRD/2015 HRD/Mid/images/DSC_0071.png
HRD,2015,Mid,SW,HRD/2015 HRD/Mid/images/DSC_0072.png
HRD,2015,Mid,SW,HRD/2015 HRD/Mid/images/DSC_0073.png
HRD,2015,Mid,SW,HRD/2015 HRD/Mid/images/DSC_0074.png
HRD,2015,Mid,SW,HRD/2015 HRD/Mid/images/DSC_0075.png
HRD,2015,Mid,SW,HRD/2015 HRD/Mid/images/DSC_0076.png
HRD,2015,Mid,SW,HRD/2015 HRD/Mid/images/DSC_0077.png
HRD,2015,Mid,SW,HRD/2015 HRD/Mid/images/DSC_0079.png
HRD,2015,Mid,SW,HRD/2015 HRD/Mid/images/DSC_0080.png
HRD,2015,Mid,SW,HRD/2015 HRD/Mid/images/DSC_0081.png
HRD,2015,Mid,SW,HRD/2015 HRD/Mid/images/DSC_0083.png
HRD,2015,Mid,SW,HRD/2015 HRD/Mid/images/DSC_0084.png
HRD,2015,Mid,SW,HRD/2015 HRD/Mid/images/DSC_0085.png
HRD,2015,Mid,SW,HRD/2015 HRD/Mid/images/DSC_0086.png
HRD,2015,Mid,SW,HRD/2015 HRD/Mid/images/DSC_0087.png
HRD,2015,Mid,SW,HRD/2015 HRD/Mid/images/DSC_0088.png
HRD,2017,Deep,DW,HRD/2017 HRD/Deep/images/GOPR0275.png
HRD,2017,Deep,DW,HRD/2017 HRD/Deep/images/GOPR0276.png
HRD,2017,Deep,DW,HRD/2017 HRD/Deep/images/GOPR0278.png
HRD,2017,Deep,DW,HRD/2017 HRD/Deep/images/GOPR0279.png
HRD,2017,Deep,DW,HRD/2017 HRD/Deep/images/GOPR0280.png
HRD,2017,Deep,DW,HRD/2017 HRD/Deep/images/GOPR0281.png
HRD,2017,Deep,DW,HRD/2017 HRD/Deep/images/GOPR0282.png
HRD,2017,Deep,DW,HRD/2017 HRD/Deep/images/GOPR0283.png
HRD,2017,Deep,DW,HRD/2017 HRD/Deep/images/GOPR0284.png
HRD,2017,Deep,DW,HRD/2017 HRD/Deep/images/GOPR0285.png
HRD,2017,Deep,DW,HRD/2017 HRD/Deep/images/GOPR0286.png
HRD,2017,Deep,DW,HRD/2017 HRD/Deep/images/GOPR0287.png
HRD,2017,Deep,DW,HRD/2017 HRD/Deep/images/GOPR0288.png
HRD,2017,Deep,DW,HRD/2017 HRD/Deep/images/GOPR0289.png
HRD,2017,Deep,DW,HRD/2017 HRD/Deep/images/GOPR0290.png
HRD,2017,Deep,DW,HRD/2017 HRD/Deep/images/GOPR0291.png
HRD,2017,Deep,DW,HRD/2017 HRD/Deep/images/GOPR0292.png
HRD,2017,Deep,DW,HRD/2017 HRD/Deep/images/GOPR0293.png
HRD,2017,Deep,DW,HRD/2017 HRD/Deep/images/GOPR0294.png
HRD,2017,Deep,DW,HRD/2017 HRD/Deep/images/GOPR0295.png
HRD,2017,Deep,DW,HRD/2017 HRD/Deep/images/GOPR0296.png
HRD,2017,Deep,DW,HRD/2017 HRD/Deep/images/GOPR0297.png
HRD,2017,Deep,DW,HRD/2017 HRD/Deep/images/GOPR0298.png
HRD,2018,Deep,DW,HRD/2018 HRD/Deep/images/GOPR1934.png
HRD,2018,Deep,DW,HRD/2018 HRD/Deep/images/GOPR1935.png
HRD,2018,Deep,DW,HRD/2018 HRD/Deep/images/GOPR1936.png
HRD,2018,Deep,DW,HRD/2018 HRD/Deep/images/GOPR1937.png
HRD,2018,Deep,DW,HRD/2018 HRD/Deep/images/GOPR1938.png
HRD,2018,Deep,DW,HRD/2018 HRD/Deep/images/GOPR1939.png
HRD,2018,Deep,DW,HRD/2018 HRD/Deep/images/GOPR1940.png
HRD,2018,Deep,DW,HRD/2018 HRD/Deep/images/GOPR1941.png
HRD,2018,Deep,DW,HRD/2018 HRD/Deep/images/GOPR1942.png
HRD,2018,Deep,DW,HRD/2018 HRD/Deep/images/GOPR1943.png
HRD,2018,Deep,R,HRD/2018 HRD/Deep/images/GOPR1944.png
HRD,2018,Deep,R,HRD/2018 HRD/Deep/images/GOPR1945.png
HRD,2018,Deep,R,HRD/2018 HRD/Deep/images/GOPR1946.png
HRD,2018,Deep,R,HRD/2018 HRD/Deep/images/GOPR1947.png
HRD,2018,Deep,R,HRD/2018 HRD/Deep/images/GOPR1948.png
HRD,2018,Deep,R,HRD/2018 HRD/Deep/images/GOPR1949.png
HRD,2018,Deep,R,HRD/2018 HRD/Deep/images/GOPR1950.png
HRD,2018,Deep,R,HRD/2018 HRD/Deep/images/GOPR1951.png
HRD,2018,Deep,R,HRD/2018 HRD/Deep/images/GOPR1952.png
HRD,2018,Deep,R,HRD/2018 HRD/Deep/images/GOPR1953.png
HRD,2018,Deep,R,HRD/2018 HRD/Deep/images/GOPR1954.png
HRD,2018,Deep,R,HRD/2018 HRD/Deep/images/GOPR1955.png
HRD,2018,Deep,R,HRD/2018 HRD/Deep/images/GOPR1956.png
HRD,2018,Deep,R,HRD/2018 HRD/Deep/images/GOPR1957.png
HRD,2018,Mid,SW,HRD/2018 HRD/Mid/images/GOPR1958.png
HRD,2018,Mid,SW,HRD/2018 HRD/Mid/images/GOPR1959.png
HRD,2018,Mid,SW,HRD/2018 HRD/Mid/images/GOPR1960.png
HRD,2018,Mid,SW,HRD/2018 HRD/Mid/images/GOPR1961.png
HRD,2018,Mid,SW,HRD/2018 HRD/Mid/images/GOPR1962.png
HRD,2018,Mid,SW,HRD/2018 HRD/Mid/images/GOPR1963.png
HRD,2018,Mid,SW,HRD/2018 HRD/Mid/images/GOPR1964.png
HRD,2018,Mid,SW,HRD/2018 HRD/Mid/images/GOPR1965.png
HRD,2020,Deep,R,HRD/2020 HRD/Deep/images/HRDeepP213.png
HRD,2020,Deep,R,HRD/2020 HRD/Deep/images/HRDeepP214.png
HRD,2020,Deep,R,HRD/2020 HRD/Deep/images/HRDeepP215.png
HRD,2020,Deep,R,HRD/2020 HRD/Deep/images/HRDeepP216.png
HRD,2020,Deep,R,HRD/2020 HRD/Deep/images/HRDeepP217.png
HRD,2020,Deep,R,HRD/2020 HRD/Deep/images/HRDeepP218.png
HRD,2020,Deep,R,HRD/2020 HRD/Deep/images/HRDeepP219.png
HRD,2020,Deep,R,HRD/2020 HRD/Deep/images/HRDeepP220.png
HRD,2020,Deep,R,HRD/2020 HRD/Deep/images/HRDeepP221.png
HRD,2020,Deep,R,HRD/2020 HRD/Deep/images/HRDeepP222.png
HRD,2020,Deep,R,HRD/2020 HRD/Deep/images/HRDeepP223.png
HRD,2020,Deep,R,HRD/2020 HRD/Deep/images/HRDeepP224.png
HRD,2020,Deep,R,HRD/2020 HRD/Deep/images/HRDeepP225.png
HRD,2020,Deep,R,HRD/2020 HRD/Deep/images/HRDeepP226.png
HRD,2020,Deep,R,HRD/2020 HRD/Deep/images/HRDeepP227.png
HRD,2020,Deep,R,HRD/2020 HRD/Deep/images/HRDeepP228.png
HRD,2020,Deep,R,HRD/2020 HRD/Deep/images/HRDeepP229.png
HRD,2020,Deep,R,HRD/2020 HRD/Deep/images/HRDeepP230.png
HRD,2020,Deep,R,HRD/2020 HRD/Deep/images/HRDeepP231.png
HRD,2020,Mid,SW,HRD/2020 HRD/Mid/images/HRDeepP234.png
HRD,2020,Mid,SW,HRD/2020 HRD/Mid/images/HRDeepP235.png
HRD,2020,Mid,SW,HRD/2020 HRD/Mid/images/HRDeepP236.png
HRD,2020,Mid,SW,HRD/2020 HRD/Mid/images/HRDeepP237.png
HRD,2020,Mid,SW,HRD/2020 HRD/Mid/images/HRDeepP238.png
HRD,2020,Mid,SW,HRD/2020 HRD/Mid/images/HRDeepP239.png
HRD,2020,Mid,SW,HRD/2020 HRD/Mid/images/HRDeepP240.png
HRD,2020,Mid,SW,HRD/2020 HRD/Mid/images/HRDeepP241.png
HRD,2020,Mid,SW,HRD/2020 HRD/Mid/images/HRDeepP243.png
HRD,2020,Mid,SW,HRD/2020 HRD/Mid/images/HRDeepP244.png
HRD,2020,Mid,SW,HRD/2020 HRD/Mid/images/HRDeepP248.png
HRD,2020,Mid,SW,HRD/2020 HRD/Mid/images/HRDeepP253.png
HRD,2020,Mid,SW,HRD/2020 HRD/Mid/images/HRDeepP254.png
HRD,2020,Mid,SW,HRD/2020 HRD/Mid/images/HRDeepP255.png
HRD,2020,Mid,SW,HRD/2020 HRD/Mid/images/HRDeepP258.png
HRD,2020,Mid,SW,HRD/2020 HRD/Mid/images/HRDeepP259.png
HRD,2022,Deep,DW,HRD/2022 HRD/Deep/images/P8151205.png
HRD,2022,Deep,DW,HRD/2022 HRD/Deep/images/P8151209.png
HRD,2022,Deep,DW,HRD/2022 HRD/Deep/images/P8151210.png
HRD,2022,Deep,DW,HRD/2022 HRD/Deep/images/P8151211.png
HRD,2022,Deep,DW,HRD/2022 HRD/Deep/images/P8151212.png
HRD,2022,Deep,DW,HRD/2022 HRD/Deep/images/P8151213.png
HRD,2022,Deep,DW,HRD/2022 HRD/Deep/images/P8151214.png
HRD,2022,Deep,DW,HRD/2022 HRD/Deep/images/P8151215.png
HRD,2022,Deep,DW,HRD/2022 HRD/Deep/images/P8151216.png
HRD,2022,Deep,DW,HRD/2022 HRD/Deep/images/P8151217.png
HRD,2022,Deep,DW,HRD/2022 HRD/Deep/images/P8151218.png
HRD,2022,Deep,DW,HRD/2022 HRD/Deep/images/P8151219.png
HRD,2022,Deep,DW,HRD/2022 HRD/Deep/images/P8151220.png
HRD,2022,Deep,DW,HRD/2022 HRD/Deep/images/P8151221.png
HRD,2022,Deep,DW,HRD/2022 HRD/Deep/images/P8151222.png
HRD,2022,Deep,DW,HRD/2022 HRD/Deep/images/P8151223.png
HRD,2022,Deep,R,HRD/2022 HRD/Deep/images/P8151224.png
HRD,2022,Deep,R,HRD/2022 HRD/Deep/images/P8151225.png
HRD,2022,Deep,R,HRD/2022 HRD/Deep/images/P8151226.png
HRD,2022,Deep,R,HRD/2022 HRD/Deep/images/P8151227.png
HRD,2022,Deep,R,HRD/2022 HRD/Deep/images/P8151228.png
HRD,2022,Deep,R,HRD/2022 HRD/Deep/images/P8151229.png
HRD,2022,Deep,R,HRD/2022 HRD/Deep/images/P8151230.png
HRD,2022,Deep,R,HRD/2022 HRD/Deep/images/P8151231.png
HRD,2022,Deep,R,HRD/2022 HRD/Deep/images/P8151232.png
HRD,2022,Deep,R,HRD/2022 HRD/Deep/images/P8151233.png
HRD,2022,Deep,R,HRD/2022 HRD/Deep/images/P8151234.png
HRD,2022,Deep,R,HRD/2022 HRD/Deep/images/P8151235.png
HRD,2022,Deep,R,HRD/2022 HRD/Deep/images/P8151236.png
HRD,2022,Deep,R,HRD/2022 HRD/Deep/images/P8151237.png
HRD,2022,Mid,SW,HRD/2022 HRD/Mid/images/P8151238.png
HRD,2022,Mid,SW,HRD/2022 HRD/Mid/images/P8151239.png
HRD,2022,Mid,SW,HRD/2022 HRD/Mid/images/P8151242.png
HRD,2022,Mid,SW,HRD/2022 HRD/Mid/images/P8151243.png
HRD,2022,Mid,SW,HRD/2022 HRD/Mid/images/P8151244.png
HRD,2022,Mid,SW,HRD/2022 HRD/Mid/images/P8151245.png
HRD,2022,Mid,SW,HRD/2022 HRD/Mid/images/P8151246.png
HRD,2022,Mid,SW,HRD/2022 HRD/Mid/images/P8151247.png
HRD,2022,Mid,SW,HRD/2022 HRD/Mid/images/P8151248.png
HRD,2022,Mid,SW,HRD/2022 HRD/Mid/images/P8151249.png
HRD,2022,Mid,SW,HRD/2022 HRD/Mid/images/P8151250.png
HRD,2022,Mid,SW,HRD/2022 HRD/Mid/images/P8151251.png
HRD,2023,Deep,DW,HRD/2023 HRD/Deep/images/HRD080723Wall-10.png
HRD,2023,Deep,DW,HRD/2023 HRD/Deep/images/HRD080723Wall-11.png
HRD,2023,Deep,DW,HRD/2023 HRD/Deep/images/HRD080723Wall-12.png
HRD,2023,Deep,DW,HRD/2023 HRD/Deep/images/HRD080723Wall-13.png
HRD,2023,Deep,DW,HRD/2023 HRD/Deep/images/HRD080723Wall-14.png
HRD,2023,Deep,DW,HRD/2023 HRD/Deep/images/HRD080723Wall-15.png
HRD,2023,Deep,DW,HRD/2023 HRD/Deep/images/HRD080723Wall-16.png
HRD,2023,Deep,DW,HRD/2023 HRD/Deep/images/HRD080723Wall-17.png
HRD,2023,Deep,DW,HRD/2023 HRD/Deep/images/HRD080723Wall-18.png
HRD,2023,Deep,DW,HRD/2023 HRD/Deep/images/HRD080723Wall-19.png
HRD,2023,Deep,DW,HRD/2023 HRD/Deep/images/HRD080723Wall-20.png
HRD,2023,Deep,DW,HRD/2023 HRD/Deep/images/HRD080723Wall-21.png
HRD,2023,Deep,DW,HRD/2023 HRD/Deep/images/HRD080723Wall-22.png
HRD,2023,Deep,DW,HRD/2023 HRD/Deep/images/HRD080723Wall-23.png
HRD,2023,Deep,DW,HRD/2023 HRD/Deep/images/HRD080723Wall-24.png
HRD,2023,Deep,DW,HRD/2023 HRD/Deep/images/HRD080723Wall-25.png
HRD,2023,Deep,DW,HRD/2023 HRD/Deep/images/HRD080723Wall-26.png
HRD,2023,Deep,DW,HRD/2023 HRD/Deep/images/HRD080723Wall-27 copy.png
HRD,2023,Deep,DW,HRD/2023 HRD/Deep/images/HRD080723Wall-27.png
HRD,2023,Deep,R,HRD/2023 HRD/Deep/images/HRD080723Wall-28.png
HRD,2023,Deep,R,HRD/2023 HRD/Deep/images/HRD080723Wall-29.png
HRD,2023,Deep,R,HRD/2023 HRD/Deep/images/HRD080723Wall-30.png
HRD,2023,Deep,R,HRD/2023 HRD/Deep/images/HRD080723Wall-31.png
HRD,2023,Deep,R,HRD/2023 HRD/Deep/images/HRD080723Wall-32.png
HRD,2023,Deep,R,HRD/2023 HRD/Deep/images/HRD080723Wall-33.png
HRD,2023,Deep,R,HRD/2023 HRD/Deep/images/HRD080723Wall-34.png
HRD,2023,Deep,R,HRD/2023 HRD/Deep/images/HRD080723Wall-35.png
HRD,2023,Deep,R,HRD/2023 HRD/Deep/images/HRD080723Wall-36.png
HRD,2023,Deep,R,HRD/2023 HRD/Deep/images/HRD080723Wall-37.png
HRD,2023,Deep,R,HRD/2023 HRD/Deep/images/HRD080723Wall-38.png
HRD,2023,Deep,R,HRD/2023 HRD/Deep/images/HRD080723Wall-39.png
HRD,2023,Deep,R,HRD/2023 HRD/Deep/images/HRD080723Wall-40.png
HRD,2023,Deep,R,HRD/2023 HRD/Deep/images/HRD080723Wall-41.png
HRD,2023,Deep,R,HRD/2023 HRD/Deep/images/HRD080723Wall-42.png
HRD,2023,Deep,R,HRD/2023 HRD/Deep/images/HRD080723Wall-43.png
HRD,2023,Deep,R,HRD/2023 HRD/Deep/images/HRD080723Wall-44.png
HRD,2023,Deep,R,HRD/2023 HRD/Deep/images/HRD080723Wall-45.png
HRD,2023,Deep,R,HRD/2023 HRD/Deep/images/HRD080723Wall-46.png
HRD,2023,Deep,R,HRD/2023 HRD/Deep/images/HRD080723Wall-47.png
HRD,2023,Deep,R,HRD/2023 HRD/Deep/images/HRD080723Wall-48.png
HRD,2023,Deep,R,HRD/2023 HRD/Deep/images/HRD080723Wall-49.png
HRD,2023,Deep,R,HRD/2023 HRD/Deep/images/HRD080723Wall-50.png
HRD,2023,Deep,R,HRD/2023 HRD/Deep/images/HRD080723Wall-51.png
HRD,2023,Deep,R,HRD/2023 HRD/Deep/images/HRD080723Wall-52.png
HRD,2023,Deep,R,HRD/2023 HRD/Deep/images/HRD080723Wall-53.png
HRD,2023,Deep,R,HRD/2023 HRD/Deep/images/HRD080723Wall-54.png
HRD,2023,Mid,SW,HRD/2023 HRD/Mid/images/HRD080723Wall-55.png
HRD,2023,Mid,SW,HRD/2023 HRD/Mid/images/HRD080723Wall-56.png
HRD,2023,Mid,SW,HRD/2023 HRD/Mid/images/HRD080723Wall-57.png
HRD,2023,Mid,SW,HRD/2023 HRD/Mid/images/HRD080723Wall-58.png
HRD,2023,Mid,SW,HRD/2023 HRD/Mid/images/HRD080723Wall-59.png
HRD,2023,Mid,SW,HRD/2023 HRD/Mid/images/HRD080723Wall-60.png
HRD,2023,Mid,SW,HRD/2023 HRD/Mid/images/HRD080723Wall-61.png
HRD,2023,Mid,SW,HRD/2023 HRD/Mid/images/HRD080723Wall-62.png
HRD,2023,Mid,SW,HRD/2023 HRD/Mid/images/HRD080723Wall-63.png
HRD,2023,Mid,SW,HRD/2023 HRD/Mid/images/HRD080723Wall-64.png
HRD,2023,Mid,SW,HRD/2023 HRD/Mid/images/HRD080723Wall-65.png
HRD,2023,Mid,SW,HRD/2023 HRD/Mid/images/HRD080723Wall-66.png
HRD,2023,Mid,SW,HRD/2023 HRD/Mid/images/HRD080723Wall-67.png
HRD,2023,Mid,SW,HRD/2023 HRD/Mid/images/HRD080723Wall-68.png
HRD,2023,Mid,SW,HRD/2023 HRD/Mid/images/HRD080723Wall-69.png
HRD,2023,Mid,SW,HRD/2023 HRD/Mid/images/HRD080723Wall-70.png
HRD,2023,Mid,SW,HRD/2023 HRD/Mid/images/HRD080723Wall-71.png
HRD,2023,Mid,SW,HRD/2023 HRD/Mid/images/HRD080723Wall-72.png
HRD,2023,Mid,SW,HRD/2023 HRD/Mid/images/HRD080723Wall-73.png
HRD,2023,Mid,SW,HRD/2023 HRD/Mid/images/HRD080723Wall-74.png
HRD,2023,Mid,SW,HRD/2023 HRD/Mid/images/HRD080723Wall-75.png
HRI,1989,Mid,VC,HRI/1989 HRI/Mid/images/HRI89070VC3A.12.png
HRI,1989,Mid,VC,HRI/1989 HRI/Mid/images/HRI8907VC1A.15.png
HRI,1989,Mid,VC,HRI/1989 HRI/Mid/images/HRI8907VC1B.16.png
HRI,1989,Mid,VC,HRI/1989 HRI/Mid/images/HRI8907VC2A.17.png
HRI,1989,Mid,VC,HRI/1989 HRI/Mid/images/HRI8907VC3B.13.png
HRI,1989,Mid,VC,HRI/1989 HRI/Mid/images/HRI8907VC4A.14.png
HRI,1989,Mid,WA,HRI/1989 HRI/Mid/images/HRI8907WA1A.18.png
HRI,1989,Mid,WA,HRI/1989 HRI/Mid/images/HRI8907WA1B.19.png
HRI,1989,Mid,WA,HRI/1989 HRI/Mid/images/HRI8907WA2A.21.png
HRI,1989,Mid,WA,HRI/1989 HRI/Mid/images/HRI8907WA2B.22.png
HRI,1989,Mid,WA,HRI/1989 HRI/Mid/images/HRI8907WA3A.20.png
HRI,1989,Mid,WA,HRI/1989 HRI/Mid/images/HRI8907WA3B.23.png
HRI,1989,Shallow,VS,HRI/1989 HRI/Shallow/images/HRI8907VS1A.30_1.png
HRI,1989,Shallow,VS,HRI/1989 HRI/Shallow/images/HRI8907VS1B.31_1.png
HRI,1989,Shallow,VS,HRI/1989 HRI/Shallow/images/HRI8907VS2A.35_1.png
HRI,1989,Shallow,VS,HRI/1989 HRI/Shallow/images/HRI8907VS2B.32_1.png
HRI,1989,Shallow,VS,HRI/1989 HRI/Shallow/images/HRI8907VS3A.34_1.png
HRI,1989,Shallow,VS,HRI/1989 HRI/Shallow/images/HRI8907VS3B.33_1.png
HRI,1989,Shallow,VS,HRI/1989 HRI/Shallow/images/HRI8907VS4A.37_1.png
HRI,1989,Shallow,VS,HRI/1989 HRI/Shallow/images/HRI8907VS4B.36_1.png
HRI,1991,Mid,VC,HRI/1991 HRI/Mid/images/HRI9107VC1A.15.png
HRI,1991,Mid,VC,HRI/1991 HRI/Mid/images/HRI9107VC1B.16.png
HRI,1991,Mid,VC,HRI/1991 HRI/Mid/images/HRI9107VC2A.17.png
HRI,1991,Mid,VC,HRI/1991 HRI/Mid/images/HRI9107VC2B.18.png
HRI,1991,Mid,VC,HRI/1991 HRI/Mid/images/HRI9107VC3A.11.png
HRI,1991,Mid,VC,HRI/1991 HRI/Mid/images/HRI9107VC3B.12.png
HRI,1991,Mid,VC,HRI/1991 HRI/Mid/images/HRI9107VC4A.13.png
HRI,1991,Mid,VC,HRI/1991 HRI/Mid/images/HRI9107VC4B.14.png
HRI,1991,Mid,VC,HRI/1991 HRI/Mid/images/HRI9107WA1A.19.png
HRI,1991,Mid,VC,HRI/1991 HRI/Mid/images/HRI9107WA1B.20.png
HRI,1991,Mid,VC,HRI/1991 HRI/Mid/images/HRI9107WA2A.22.png
HRI,1991,Mid,VC,HRI/1991 HRI/Mid/images/HRI9107WA2B.23.png
HRI,1991,Mid,VC,HRI/1991 HRI/Mid/images/HRI9107WA3A.21.png
HRI,1991,Mid,VC,HRI/1991 HRI/Mid/images/HRI9107WA3B.24.png
HRI,1991,Shallow,VS,HRI/1991 HRI/Shallow/images/HRI9107VS1A.31.png
HRI,1991,Shallow,VS,HRI/1991 HRI/Shallow/images/HRI9107VS1B.32.png
HRI,1991,Shallow,VS,HRI/1991 HRI/Shallow/images/HRI9107VS2A.36.png
HRI,1991,Shallow,VS,HRI/1991 HRI/Shallow/images/HRI9107VS2B.33.png
HRI,1991,Shallow,VS,HRI/1991 HRI/Shallow/images/HRI9107VS3A.35.png
HRI,1991,Shallow,VS,HRI/1991 HRI/Shallow/images/HRI9107VS3B.34.png
HRI,1991,Shallow,VS,HRI/1991 HRI/Shallow/images/HRI9107VS4A.38.png
HRI,1991,Shallow,VS,HRI/1991 HRI/Shallow/images/HRI9107VS4B.37.png
HRI,1995,Mid,VC,HRI/1995 HRI/Mid/images/HRI9508VC1A.06.png
HRI,1995,Mid,VC,HRI/1995 HRI/Mid/images/HRI9508VC1A.07.png
HRI,1995,Mid,VC,HRI/1995 HRI/Mid/images/HRI9508VC2A.08.png
HRI,1995,Mid,VC,HRI/1995 HRI/Mid/images/HRI9508VC2B.09.png
HRI,1995,Mid,VC,HRI/1995 HRI/Mid/images/HRI9508VC3A.02.png
HRI,1995,Mid,VC,HRI/1995 HRI/Mid/images/HRI9508VC3B.03.png
HRI,1995,Mid,VC,HRI/1995 HRI/Mid/images/HRI9508VC4A.04.png
HRI,1995,Mid,VC,HRI/1995 HRI/Mid/images/HRI9508VC4B.05.png
HRI,1995,Mid,WA,HRI/1995 HRI/Mid/images/HRI9508WA1A.10.png
HRI,1995,Mid,WA,HRI/1995 HRI/Mid/images/HRI9508WA1B.11.png
HRI,1995,Mid,WA,HRI/1995 HRI/Mid/images/HRI9508WA2A.13.png
HRI,1995,Mid,WA,HRI/1995 HRI/Mid/images/HRI9508WA2B.14.png
HRI,1995,Mid,WA,HRI/1995 HRI/Mid/images/HRI9508WA3A.12.png
HRI,1995,Mid,WA,HRI/1995 HRI/Mid/images/HRI9508WA3B.15.png
HRI,1995,Shallow,VS,HRI/1995 HRI/Shallow/images/HRI9508VS1A.28.png
HRI,1995,Shallow,VS,HRI/1995 HRI/Shallow/images/HRI9508VS1B.29.png
HRI,1995,Shallow,VS,HRI/1995 HRI/Shallow/images/HRI9508VS2A.34.png
HRI,1995,Shallow,VS,HRI/1995 HRI/Shallow/images/HRI9508VS2B.30.png
HRI,1995,Shallow,VS,HRI/1995 HRI/Shallow/images/HRI9508VS3A.33.png
HRI,1995,Shallow,VS,HRI/1995 HRI/Shallow/images/HRI9508VS3B.32.png
HRI,1995,Shallow,VS,HRI/1995 HRI/Shallow/images/HRI9508VS4A.37.png
HRI,1995,Shallow,VS,HRI/1995 HRI/Shallow/images/HRI9508VS4B.36.png
HRI,1995,Shallow,VS,HRI/1995 HRI/Shallow/images/HRI9508VS5A.35.png
HRI,1995,Shallow,VS,HRI/1995 HRI/Shallow/images/HRI9508VS5B.31.png
HRI,2001,Mid,VC,HRI/2001 HRI/Mid/images/HRI090601VC1AB-3.png
HRI,2001,Mid,VC,HRI/2001 HRI/Mid/images/HRI090601VC2AB-4.png
HRI,2001,Mid,VC,HRI/2001 HRI/Mid/images/HRI090601VC3AB-1.png
HRI,2001,Mid,VC,HRI/2001 HRI/Mid/images/HRI090601VC4AB-6.png
HRI,2001,Mid,VC,HRI/2001 HRI/Mid/images/HRI090601VC6A7A-5.png
HRI,2001,Mid,VC,HRI/2001 HRI/Mid/images/HRI090601VC6B7B-2.png
HRI,2001,Mid,VC,HRI/2001 HRI/Mid/images/HRI090601WA1AB-7.png
HRI,2001,Mid,VC,HRI/2001 HRI/Mid/images/HRI090601WA2AB-8.png
HRI,2001,Mid,VC,HRI/2001 HRI/Mid/images/HRI090601WA4B3B-9.png
HRI,2001,Shallow,VS,HRI/2001 HRI/Shallow/images/HRI090601VS1AB-28.png
HRI,2001,Shallow,VS,HRI/2001 HRI/Shallow/images/HRI090601VS2A5A-24.png
HRI,2001,Shallow,VS,HRI/2001 HRI/Shallow/images/HRI090601VS2B5B-25.png
HRI,2001,Shallow,VS,HRI/2001 HRI/Shallow/images/HRI090601VS3AB-27.png
HRI,2001,Shallow,VS,HRI/2001 HRI/Shallow/images/HRI090601VS6AB-26.png
HRI,2002,Mid,VC,HRI/2002 HRI/Mid/images/HRI080802VC1AB-49.png
HRI,2002,Mid,VC,HRI/2002 HRI/Mid/images/HRI080802VC2AB-50.png
HRI,2002,Mid,VC,HRI/2002 HRI/Mid/images/HRI080802VC3AB-46.png
HRI,2002,Mid,VC,HRI/2002 HRI/Mid/images/HRI080802VC4AB-47.png
HRI,2002,Mid,VC,HRI/2002 HRI/Mid/images/HRI080802VC6A7A-51.png
HRI,2002,Mid,VC,HRI/2002 HRI/Mid/images/HRI080802VC6B7B-48.png
HRI,2002,Mid,WA,HRI/2002 HRI/Mid/images/HRI080802WA1AB-52.png
HRI,2002,Mid,WA,HRI/2002 HRI/Mid/images/HRI080802WA2AB-54.png
HRI,2002,Mid,WA,HRI/2002 HRI/Mid/images/HRI080802WA3A4A-53.png
HRI,2002,Mid,WA,HRI/2002 HRI/Mid/images/HRI080802WA3B4B-55.png
HRI,2002,Shallow,VS,HRI/2002 HRI/Shallow/images/HRI080802VS1BA-62.png
HRI,2002,Shallow,VS,HRI/2002 HRI/Shallow/images/HRI080802VS3AB-60.png
HRI,2002,Shallow,VS,HRI/2002 HRI/Shallow/images/HRI080802VS4BA-64.png
HRI,2002,Shallow,VS,HRI/2002 HRI/Shallow/images/HRI080802VS5A2A-61.png
HRI,2002,Shallow,VS,HRI/2002 HRI/Shallow/images/HRI080802VS5B2B-63.png
HRI,2002,Shallow,VS,HRI/2002 HRI/Shallow/images/HRI080802VS6BA-65.png
HRI,2004,Mid,VC,HRI/2004 HRI/Mid/images/HRI081204VC1AB-08.png
HRI,2004,Mid,VC,HRI/2004 HRI/Mid/images/HRI081204VC2AB-09.png
HRI,2004,Mid,VC,HRI/2004 HRI/Mid/images/HRI081204VC3AB-05.png
HRI,2004,Mid,VC,HRI/2004 HRI/Mid/images/HRI081204VC4AB-06.png
HRI,2004,Mid,VC,HRI/2004 HRI/Mid/images/HRI081204VC6A7A-10.png
HRI,2004,Mid,VC,HRI/2004 HRI/Mid/images/HRI081204VC6B7B-07.png
HRI,2004,Mid,VC,HRI/2004 HRI/Mid/images/HRI081204WA1AB-11.png
HRI,2004,Mid,VC,HRI/2004 HRI/Mid/images/HRI081204WA2AB-13.png
HRI,2004,Mid,VC,HRI/2004 HRI/Mid/images/HRI081204WA3A4A-12.png
HRI,2004,Mid,VC,HRI/2004 HRI/Mid/images/HRI081204WA3B4B-14.png
HRI,2004,Shallow,VS,HRI/2004 HRI/Shallow/images/HRI081204VS1BA-23.png
HRI,2004,Shallow,VS,HRI/2004 HRI/Shallow/images/HRI081204VS3AB-25.png
HRI,2004,Shallow,VS,HRI/2004 HRI/Shallow/images/HRI081204VS4BA-21.png
HRI,2004,Shallow,VS,HRI/2004 HRI/Shallow/images/HRI081204VS5A2A-26.png
HRI,2004,Shallow,VS,HRI/2004 HRI/Shallow/images/HRI081204VS5B2B-24.png
HRI,2004,Shallow,VS,HRI/2004 HRI/Shallow/images/HRI081204VS6BA-22.png
HRI,2006,Mid,VC,HRI/2006 HRI/Mid/images/HRI082506VC1AB-22.png
HRI,2006,Mid,VC,HRI/2006 HRI/Mid/images/HRI082506VC2AB-23.png
HRI,2006,Mid,VC,HRI/2006 HRI/Mid/images/HRI082506VC3AB-18.png
HRI,2006,Mid,VC,HRI/2006 HRI/Mid/images/HRI082506VC4AB-19.png
HRI,2006,Mid,VC,HRI/2006 HRI/Mid/images/HRI082506VC6A7A-24.png
HRI,2006,Mid,VC,HRI/2006 HRI/Mid/images/HRI082506VC6B7B-20.png
HRI,2006,Mid,VC,HRI/2006 HRI/Mid/images/HRI082506WA1AB-25.png
HRI,2006,Mid,VC,HRI/2006 HRI/Mid/images/HRI082506WA2AB-27.png
HRI,2006,Mid,VC,HRI/2006 HRI/Mid/images/HRI082506WA3A4A-26.png
HRI,2006,Mid,VC,HRI/2006 HRI/Mid/images/HRI082506WA3B4B-28.png
HRI,2006,Shallow,VS,HRI/2006 HRI/Shallow/images/HRI082506VS1AB-35.png
HRI,2006,Shallow,VS,HRI/2006 HRI/Shallow/images/HRI082506VS2A5A-38.png
HRI,2006,Shallow,VS,HRI/2006 HRI/Shallow/images/HRI082506VS2B5B-36.png
HRI,2006,Shallow,VS,HRI/2006 HRI/Shallow/images/HRI082506VS3AB-37.png
HRI,2006,Shallow,VS,HRI/2006 HRI/Shallow/images/HRI082506VS4AB-33.png
HRI,2006,Shallow,VS,HRI/2006 HRI/Shallow/images/HRI082506VS6AB-34.png
HRI,2008,Mid,VC,HRI/2008 HRI/Mid/images/HRI090208VC1AB-222.png
HRI,2008,Mid,VC,HRI/2008 HRI/Mid/images/HRI090208VC2AB-223.png
HRI,2008,Mid,VC,HRI/2008 HRI/Mid/images/HRI090208VC3AB-219.png
HRI,2008,Mid,VC,HRI/2008 HRI/Mid/images/HRI090208VC4AB-220.png
HRI,2008,Mid,VC,HRI/2008 HRI/Mid/images/HRI090208VC6A7A-224.png
HRI,2008,Mid,VC,HRI/2008 HRI/Mid/images/HRI090208VC6B7B-221.png
HRI,2008,Mid,VC,HRI/2008 HRI/Mid/images/HRI090208WA1AB-225.png
HRI,2008,Mid,VC,HRI/2008 HRI/Mid/images/HRI090208WA2AB-227.png
HRI,2008,Mid,VC,HRI/2008 HRI/Mid/images/HRI090208WA3A4A-226.png
HRI,2008,Mid,VC,HRI/2008 HRI/Mid/images/HRI090208WA3B4B-228.png
HRI,2008,Shallow,VS,HRI/2008 HRI/Shallow/images/HRI090208VS1AB-235.png
HRI,2008,Shallow,VS,HRI/2008 HRI/Shallow/images/HRI090208VS2A5A-238.png
HRI,2008,Shallow,VS,HRI/2008 HRI/Shallow/images/HRI090208VS2B5B-236.png
HRI,2008,Shallow,VS,HRI/2008 HRI/Shallow/images/HRI090208VS3AB-237.png
HRI,2008,Shallow,VS,HRI/2008 HRI/Shallow/images/HRI090208VS4AB-233.png
HRI,2008,Shallow,VS,HRI/2008 HRI/Shallow/images/HRI090208VS6AB-234.png
HRI,2010,Mid,VC,HRI/2010 HRI/Mid/images/HRI092110VC1AB-085.png
HRI,2010,Mid,VC,HRI/2010 HRI/Mid/images/HRI092110VC2AB-086.png
HRI,2010,Mid,VC,HRI/2010 HRI/Mid/images/HRI092110VC3AB-081.png
HRI,2010,Mid,VC,HRI/2010 HRI/Mid/images/HRI092110VC4AB-082.png
HRI,2010,Mid,VC,HRI/2010 HRI/Mid/images/HRI092110VC6A7A-087.png
HRI,2010,Mid,VC,HRI/2010 HRI/Mid/images/HRI092110VC6B7B-083.png
HRI,2010,Mid,VC,HRI/2010 HRI/Mid/images/HRI092110WA1AB-089.png
HRI,2010,Mid,VC,HRI/2010 HRI/Mid/images/HRI092110WA2AB-091.png
HRI,2010,Mid,VC,HRI/2010 HRI/Mid/images/HRI092110WA3A4A-090.png
HRI,2010,Mid,VC,HRI/2010 HRI/Mid/images/HRI092110WA3B4B-092.png
HRI,2010,Shallow,VS,HRI/2010 HRI/Shallow/images/HRI092110VS1AB-099.png
HRI,2010,Shallow,VS,HRI/2010 HRI/Shallow/images/HRI092110VS2AB-100.png
HRI,2010,Shallow,VS,HRI/2010 HRI/Shallow/images/HRI092110VS3AB-101.png
HRI,2010,Shallow,VS,HRI/2010 HRI/Shallow/images/HRI092110VS4AB-097.png
HRI,2010,Shallow,VS,HRI/2010 HRI/Shallow/images/HRI092110VS5AB-102.png
HRI,2010,Shallow,VS,HRI/2010 HRI/Shallow/images/HRI092110VS6AB-098.png
HRI,2012,Mid,VC,HRI/2012 HRI/Mid/images/HRI091012VC1AB-171F.png
HRI,2012,Mid,VC,HRI/2012 HRI/Mid/images/HRI091012VC2AB-173F.png
HRI,2012,Mid,VC,HRI/2012 HRI/Mid/images/HRI091012VC3AB-164F.png
HRI,2012,Mid,VC,HRI/2012 HRI/Mid/images/HRI091012VC4AB-166F.png
HRI,2012,Mid,VC,HRI/2012 HRI/Mid/images/HRI091012VCEx5AB-162F.png
HRI,2012,Mid,VC,HRI/2012 HRI/Mid/images/HRI091012VCEx8AB-169F.png
HRI,2012,Mid,VC,HRI/2012 HRI/Mid/images/HRI091012WA1AB-175F.png
HRI,2012,Mid,VC,HRI/2012 HRI/Mid/images/HRI091012WA2AB-179F.png
HRI,2012,Mid,VC,HRI/2012 HRI/Mid/images/HRI091012WA3AB-177F.png
HRI,2012,Mid,VC,HRI/2012 HRI/Mid/images/HRI091012WA4AB-181F.png
HRI,2012,Shallow,VS,HRI/2012 HRI/Shallow/images/HRI091012VS1AB-244F.png
HRI,2012,Shallow,VS,HRI/2012 HRI/Shallow/images/HRI091012VS2AB-246F.png
HRI,2012,Shallow,VS,HRI/2012 HRI/Shallow/images/HRI091012VS3AB-248F.png
HRI,2012,Shallow,VS,HRI/2012 HRI/Shallow/images/HRI091012VS4AB-239F.png
HRI,2012,Shallow,VS,HRI/2012 HRI/Shallow/images/HRI091012VS5AB-250F.png
HRI,2012,Shallow,VS,HRI/2012 HRI/Shallow/images/HRI091012VS6AB-241F.png
HRI,2013,Mid,VC,HRI/2013 HRI/Mid/images/HRI090313VC1AB-214F.png
HRI,2013,Mid,VC,HRI/2013 HRI/Mid/images/HRI090313VC2AB-215F.png
HRI,2013,Mid,VC,HRI/2013 HRI/Mid/images/HRI090313VC3AB-209F.png
HRI,2013,Mid,VC,HRI/2013 HRI/Mid/images/HRI090313VC4AB-210F.png
HRI,2013,Mid,VC,HRI/2013 HRI/Mid/images/HRI090313VC6A7A-217F.png
HRI,2013,Mid,VC,HRI/2013 HRI/Mid/images/HRI090313VC6B7B-212F.png
HRI,2013,Mid,VC,HRI/2013 HRI/Mid/images/HRI090313WA1AB-220F.png
HRI,2013,Mid,VC,HRI/2013 HRI/Mid/images/HRI090313WA2AB-222F.png
HRI,2013,Mid,VC,HRI/2013 HRI/Mid/images/HRI090313WA3A4A-221F.png
HRI,2013,Mid,VC,HRI/2013 HRI/Mid/images/HRI090313WA3B4B-223F.png
HRI,2013,Shallow,VS,HRI/2013 HRI/Shallow/images/HRI090313VS1AB-232F.png
HRI,2013,Shallow,VS,HRI/2013 HRI/Shallow/images/HRI090313VS2AB-234F.png
HRI,2013,Shallow,VS,HRI/2013 HRI/Shallow/images/HRI090313VS3AB-235F.png
HRI,2013,Shallow,VS,HRI/2013 HRI/Shallow/images/HRI090313VS4AB-230F.png
HRI,2013,Shallow,VS,HRI/2013 HRI/Shallow/images/HRI090313VS5AB-236F.png
HRI,2013,Shallow,VS,HRI/2013 HRI/Shallow/images/HRI090313VS6AB-231F.png
HRO ,1989,Mid,VDR,HRO /1989 HRO/Mid/images/HRO8907VD1A.29.png
HRO ,1989,Mid,VDR,HRO /1989 HRO/Mid/images/HRO8907VD1B.30.png
HRO ,1989,Mid,VDR,HRO /1989 HRO/Mid/images/HRO8907VD2A.32.png
HRO ,1989,Mid,VDR,HRO /1989 HRO/Mid/images/HRO8907VD2B.33.png
HRO ,1989,Mid,VDR,HRO /1989 HRO/Mid/images/HRO8907VD3A.23.png
HRO ,1989,Mid,VDR,HRO /1989 HRO/Mid/images/HRO8907VD3B.24.png
HRO ,1989,Mid,VDR,HRO /1989 HRO/Mid/images/HRO8907VD4A.26.png
HRO ,1989,Mid,VDR,HRO /1989 HRO/Mid/images/HRO8907VD4B.27.png
HRO ,1989,Mid,VDL,HRO /1989 HRO/Mid/images/HRO8907VD9A.38.png
HRO ,1989,Shallow,VCT,HRO /1989 HRO/Shallow/images/HRO8907VC1A.11.png
HRO ,1989,Shallow,VCT,HRO /1989 HRO/Shallow/images/HRO8907VC1B.12.png
HRO ,1989,Shallow,VCT,HRO /1989 HRO/Shallow/images/HRO8907VC2A.14.png
HRO ,1989,Shallow,VCT,HRO /1989 HRO/Shallow/images/HRO8907VC2B.15.png
HRO ,1989,Shallow,VCT,HRO /1989 HRO/Shallow/images/HRO8907VC3A.20.png
HRO ,1989,Shallow,VCT,HRO /1989 HRO/Shallow/images/HRO8907VC3B.21.png
HRO ,1989,Shallow,VCB,HRO /1989 HRO/Shallow/images/HRO8907VC4A.13.png
HRO ,1989,Shallow,VCB,HRO /1989 HRO/Shallow/images/HRO8907VC5A.16.png
HRO ,1989,Shallow,VCB,HRO /1989 HRO/Shallow/images/HRO8907VC5B.18.png
HRO ,1989,Shallow,VCB,HRO /1989 HRO/Shallow/images/HRO8907VC6A.22.png
HRO ,1989,Shallow,VCT,HRO /1989 HRO/Shallow/images/HRO8907VC7A.10.png
HRO ,1989,Shallow,VCT,HRO /1989 HRO/Shallow/images/HRO8907VC7B.19.png
HRO ,1991,Shallow,VCT,HRO /1991 HRO/Shallow/images/HRO9107VC1B.11.png
HRO ,1991,Shallow,VCT,HRO /1991 HRO/Shallow/images/HRO9107VC2A.14.png
HRO ,1991,Shallow,VCT,HRO /1991 HRO/Shallow/images/HRO9107VC2B.15.png
HRO ,1991,Shallow,VCT,HRO /1991 HRO/Shallow/images/HRO9107VC3A.19.png
HRO ,1991,Shallow,VCT,HRO /1991 HRO/Shallow/images/HRO9107VC3B.20.png
HRO ,1991,Shallow,VCB,HRO /1991 HRO/Shallow/images/HRO9107VC4A.12.png
HRO ,1991,Shallow,VCB,HRO /1991 HRO/Shallow/images/HRO9107VC4B.13.png
HRO ,1991,Shallow,VCB,HRO /1991 HRO/Shallow/images/HRO9107VC5A.16.png
HRO ,1991,Shallow,VCB,HRO /1991 HRO/Shallow/images/HRO9107VC5B.17.png
HRO ,1991,Shallow,VCB,HRO /1991 HRO/Shallow/images/HRO9107VC6A.21.png
HRO ,1991,Shallow,VCB,HRO /1991 HRO/Shallow/images/HRO9107VC6B.22.png
HRO ,1991,Shallow,VCT,HRO /1991 HRO/Shallow/images/HRO9107VC7A.09.png
HRO ,1991,Shallow,VCT,HRO /1991 HRO/Shallow/images/HRO9107VC7B.18.png
HRO ,1995,Shallow,VCT,HRO /1995 HRO/Shallow/images/HRO9508VC1A.03.png
HRO ,1995,Shallow,VCT,HRO /1995 HRO/Shallow/images/HRO9508VC1B.04.png
HRO ,1995,Shallow,VCT,HRO /1995 HRO/Shallow/images/HRO9508VC2A.07.png
HRO ,1995,Shallow,VCT,HRO /1995 HRO/Shallow/images/HRO9508VC2B.08.png
HRO ,1995,Shallow,VCT,HRO /1995 HRO/Shallow/images/HRO9508VC3A.12.png
HRO ,1995,Shallow,VCT,HRO /1995 HRO/Shallow/images/HRO9508VC3B.13.png
HRO ,1995,Shallow,VCB,HRO /1995 HRO/Shallow/images/HRO9508VC4A.05.png
HRO ,1995,Shallow,VCB,HRO /1995 HRO/Shallow/images/HRO9508VC4B.06.png
HRO ,1995,Shallow,VCB,HRO /1995 HRO/Shallow/images/HRO9508VC5A.09.png
HRO ,1995,Shallow,VCB,HRO /1995 HRO/Shallow/images/HRO9508VC5B.10.png
HRO ,1995,Shallow,VCB,HRO /1995 HRO/Shallow/images/HRO9508VC6A.14.png
HRO ,1995,Shallow,VCB,HRO /1995 HRO/Shallow/images/HRO9508VC6B.15.png
HRO ,1995,Shallow,VCT,HRO /1995 HRO/Shallow/images/HRO9508VC7A.02.png
HRO ,1995,Shallow,VCT,HRO /1995 HRO/Shallow/images/HRO9508VC7B.11.png
HRO ,2001,Mid,VDL,HRO /2001 HRO/Mid/images/HRO090601VDL5AB-48.png
HRO ,2001,Mid,VDL,HRO /2001 HRO/Mid/images/HRO090601VDL6AB-47.png
HRO ,2001,Mid,VDL,HRO /2001 HRO/Mid/images/HRO090601VDL7AB-49.png
HRO ,2001,Mid,VDL,HRO /2001 HRO/Mid/images/HRO090601VDL7CD-50.png
HRO ,2001,Mid,VDR,HRO /2001 HRO/Mid/images/HRO090601VDR1AB-44.png
HRO ,2001,Mid,VDR,HRO /2001 HRO/Mid/images/HRO090601VDR2AB-43.png
HRO ,2001,Mid,VDR,HRO /2001 HRO/Mid/images/HRO090601VDR3AB-46.png
HRO ,2001,Mid,VDR,HRO /2001 HRO/Mid/images/HRO090601VDR4AB-45.png
HRO ,2001,Shallow,VCT,HRO /2001 HRO/Shallow/images/HRO090601VC1AB-34.png
HRO ,2001,Shallow,VCT,HRO /2001 HRO/Shallow/images/HRO090601VC2AB-37.png
HRO ,2001,Shallow,VCT,HRO /2001 HRO/Shallow/images/HRO090601VC2AB-38.png
HRO ,2001,Shallow,VCT,HRO /2001 HRO/Shallow/images/HRO090601VC3AB-40.png
HRO ,2001,Shallow,VCB,HRO /2001 HRO/Shallow/images/HRO090601VC4AB-35.png
HRO ,2001,Shallow,VCB,HRO /2001 HRO/Shallow/images/HRO090601VC6AB-41.png
HRO ,2001,Shallow,VCT,HRO /2001 HRO/Shallow/images/HRO090601VC7AB-33.png
HRO ,2001,Shallow,VCT,HRO /2001 HRO/Shallow/images/HRO090601VC8AB-36.png
HRO ,2001,Shallow,VCT,HRO /2001 HRO/Shallow/images/HRO090601VC9AB-39.png
HRO ,2002,Mid,VDL,HRO /2002 HRO/Mid/images/HRO080802VDL5AB-40.png
HRO ,2002,Mid,VDL,HRO /2002 HRO/Mid/images/HRO080802VDL6AB-41.png
HRO ,2002,Mid,VDL,HRO /2002 HRO/Mid/images/HRO080802VDR1AB-37.png
HRO ,2002,Mid,VDR,HRO /2002 HRO/Mid/images/HRO080802VDR2AB-36.png
HRO ,2002,Mid,VDR,HRO /2002 HRO/Mid/images/HRO080802VDR3AB-39.png
HRO ,2002,Mid,VDR,HRO /2002 HRO/Mid/images/HRO080802VDR4AB-38.png
HRO ,2002,Shallow,VCT,HRO /2002 HRO/Shallow/images/HRO080802VC1AB-28.png
HRO ,2002,Shallow,VCT,HRO /2002 HRO/Shallow/images/HRO080802VC2AB-31.png
HRO ,2002,Shallow,VCT,HRO /2002 HRO/Shallow/images/HRO080802VC3AB-34.png
HRO ,2002,Shallow,VCB,HRO /2002 HRO/Shallow/images/HRO080802VC4AB-29.png
HRO ,2002,Shallow,VCB,HRO /2002 HRO/Shallow/images/HRO080802VC5AB-32.png
HRO ,2002,Shallow,VCB,HRO /2002 HRO/Shallow/images/HRO080802VC6AB-35.png
HRO ,2002,Shallow,VCT,HRO /2002 HRO/Shallow/images/HRO080802VC7BA-27.png
HRO ,2002,Shallow,VCT,HRO /2002 HRO/Shallow/images/HRO080802VC8AB-30.png
HRO ,2002,Shallow,VCT,HRO /2002 HRO/Shallow/images/HRO080802VC9BA-33.png
HRO ,2004,Mid,VDL,HRO /2004 HRO/Mid/images/HRO081204VDL5AB-21.png
HRO ,2004,Mid,VDL,HRO /2004 HRO/Mid/images/HRO081204VDL6AB-20.png
HRO ,2004,Mid,VDL,HRO /2004 HRO/Mid/images/HRO081204VDL7AB-23.png
HRO ,2004,Mid,VDL,HRO /2004 HRO/Mid/images/HRO081204VDL8AB-22.png
HRO ,2004,Mid,VDR,HRO /2004 HRO/Mid/images/HRO081204VDR1BA-18.png
HRO ,2004,Mid,VDR,HRO /2004 HRO/Mid/images/HRO081204VDR2BA-19.png
HRO ,2004,Mid,VDR,HRO /2004 HRO/Mid/images/HRO081204VDR3BA-16.png
HRO ,2004,Mid,VDR,HRO /2004 HRO/Mid/images/HRO081204VDR4BA-17.png
HRO ,2004,Shallow,VCT,HRO /2004 HRO/Shallow/images/HRO081204VC1AB-07.png
HRO ,2004,Shallow,VCT,HRO /2004 HRO/Shallow/images/HRO081204VC2AB-11.png
HRO ,2004,Shallow,VCT,HRO /2004 HRO/Shallow/images/HRO081204VC3AB-14.png
HRO ,2004,Shallow,VCB,HRO /2004 HRO/Shallow/images/HRO081204VC4AB-08.png
HRO ,2004,Shallow,VCB,HRO /2004 HRO/Shallow/images/HRO081204VC5AB-12.png
HRO ,2004,Shallow,VCB,HRO /2004 HRO/Shallow/images/HRO081204VC6AB-15.png
HRO ,2004,Shallow,VCT,HRO /2004 HRO/Shallow/images/HRO081204VC7BA-06.png
HRO ,2004,Shallow,VCT,HRO /2004 HRO/Shallow/images/HRO081204VC8AB-09.png
HRO ,2004,Shallow,VCT,HRO /2004 HRO/Shallow/images/HRO081204VC8AB-10.png
HRO ,2004,Shallow,VCT,HRO /2004 HRO/Shallow/images/HRO081204VC9BA-13.png
HRO ,2006,Mid,VDL,HRO /2006 HRO/Mid/images/HRO082506VDL5AB-67.png
HRO ,2006,Mid,VDL,HRO /2006 HRO/Mid/images/HRO082506VDL6AB-66.png
HRO ,2006,Mid,VDL,HRO /2006 HRO/Mid/images/HRO082506VDL7AB-69.png
HRO ,2006,Mid,VDL,HRO /2006 HRO/Mid/images/HRO082506VDL8AB-68.png
HRO ,2006,Mid,VDR,HRO /2006 HRO/Mid/images/HRO082506VDR1AB-64.png
HRO ,2006,Mid,VDR,HRO /2006 HRO/Mid/images/HRO082506VDR2AB-65.png
HRO ,2006,Mid,VDR,HRO /2006 HRO/Mid/images/HRO082506VDR3AB-62.png
HRO ,2006,Mid,VDR,HRO /2006 HRO/Mid/images/HRO082506VDR4AB-63.png
HRO ,2006,Shallow,VCT,HRO /2006 HRO/Shallow/images/HRO082506VC1AB-54.png
HRO ,2006,Shallow,VCT,HRO /2006 HRO/Shallow/images/HRO082506VC2AB-57.png
HRO ,2006,Shallow,VCT,HRO /2006 HRO/Shallow/images/HRO082506VC3AB-60.png
HRO ,2006,Shallow,VCB,HRO /2006 HRO/Shallow/images/HRO082506VC4AB-55.png
HRO ,2006,Shallow,VCB,HRO /2006 HRO/Shallow/images/HRO082506VC5AB-58.png
HRO ,2006,Shallow,VCB,HRO /2006 HRO/Shallow/images/HRO082506VC6AB-61.png
HRO ,2006,Shallow,VCT,HRO /2006 HRO/Shallow/images/HRO082506VC7BA-53.png
HRO ,2006,Shallow,VCT,HRO /2006 HRO/Shallow/images/HRO082506VC8AB-56.png
HRO ,2006,Shallow,VCT,HRO /2006 HRO/Shallow/images/HRO082506VC9BA-59.png
HRO ,2008,Mid,VDL,HRO /2008 HRO/Mid/images/HRO090208VDL1AB-264.png
HRO ,2008,Mid,VDL,HRO /2008 HRO/Mid/images/HRO090208VDL2AB-265.png
HRO ,2008,Mid,VDL,HRO /2008 HRO/Mid/images/HRO090208VDL3AB-266.png
HRO ,2008,Mid,VDL,HRO /2008 HRO/Mid/images/HRO090208VDL4AB-267.png
HRO ,2008,Mid,VDR,HRO /2008 HRO/Mid/images/HRO090208VDR1AB-260.png
HRO ,2008,Mid,VDR,HRO /2008 HRO/Mid/images/HRO090208VDR2AB-261.png
HRO ,2008,Mid,VDR,HRO /2008 HRO/Mid/images/HRO090208VDR3AB-262.png
HRO ,2008,Mid,VDR,HRO /2008 HRO/Mid/images/HRO090208VDR4AB-263.png
HRO ,2008,Shallow,VCT,HRO /2008 HRO/Shallow/images/HRO090208VC1AB-252.png
HRO ,2008,Shallow,VCT,HRO /2008 HRO/Shallow/images/HRO090208VC2AB-255.png
HRO ,2008,Shallow,VCT,HRO /2008 HRO/Shallow/images/HRO090208VC3AB-258.png
HRO ,2008,Shallow,VCB,HRO /2008 HRO/Shallow/images/HRO090208VC4AB-253.png
HRO ,2008,Shallow,VCB,HRO /2008 HRO/Shallow/images/HRO090208VC5AB-256.png
HRO ,2008,Shallow,VCB,HRO /2008 HRO/Shallow/images/HRO090208VC6AB-259.png
HRO ,2008,Shallow,VCT,HRO /2008 HRO/Shallow/images/HRO090208VC7AB-251.png
HRO ,2008,Shallow,VCT,HRO /2008 HRO/Shallow/images/HRO090208VC8AB-254.png
HRO ,2008,Shallow,VCT,HRO /2008 HRO/Shallow/images/HRO090208VC9AB-257.png
HRO ,2010,Mid,VDL,HRO /2010 HRO/Mid/images/HRO092110VDL5AB-135.png
HRO ,2010,Mid,VDL,HRO /2010 HRO/Mid/images/HRO092110VDL6AB-136.png
HRO ,2010,Mid,VDL,HRO /2010 HRO/Mid/images/HRO092110VDL7AB-137.png
HRO ,2010,Mid,VDR,HRO /2010 HRO/Mid/images/HRO092110VDR1AB-131.png
HRO ,2010,Mid,VDR,HRO /2010 HRO/Mid/images/HRO092110VDR2AB-132.png
HRO ,2010,Mid,VDR,HRO /2010 HRO/Mid/images/HRO092110VDR3AB-133.png
HRO ,2010,Mid,VDR,HRO /2010 HRO/Mid/images/HRO092110VDR4AB-134.png
HRO ,2010,Shallow,VCT,HRO /2010 HRO/Shallow/images/HRO092110VC1AB-122.png
HRO ,2010,Shallow,VCT,HRO /2010 HRO/Shallow/images/HRO092110VC2AB-125.png
HRO ,2010,Shallow,VCT,HRO /2010 HRO/Shallow/images/HRO092110VC3AB-127.png
HRO ,2010,Shallow,VCB,HRO /2010 HRO/Shallow/images/HRO092110VC4AB-123.png
HRO ,2010,Shallow,VCB,HRO /2010 HRO/Shallow/images/HRO092110VC5AB-126.png
HRO ,2010,Shallow,VCB,HRO /2010 HRO/Shallow/images/HRO092110VC6AB-129.png
HRO ,2010,Shallow,VCT,HRO /2010 HRO/Shallow/images/HRO092110VC7AB-121.png
HRO ,2010,Shallow,VCT,HRO /2010 HRO/Shallow/images/HRO092110VC8AB-124.png
HRO ,2012,Shallow,VCB,HRO /2012 HRO/Shallow/images/HRO091012VCB4AB-199F.png
HRO ,2012,Shallow,VCB,HRO /2012 HRO/Shallow/images/HRO091012VCB5AB-206F.png
HRO ,2012,Shallow,VCB,HRO /2012 HRO/Shallow/images/HRO091012VCB6AB-211F.png
HRO ,2012,Shallow,VCT,HRO /2012 HRO/Shallow/images/HRO091012VCT1AB-197F.png
HRO ,2012,Shallow,VCT,HRO /2012 HRO/Shallow/images/HRO091012VCT2AB-204F.png
HRO ,2012,Shallow,VCT,HRO /2012 HRO/Shallow/images/HRO091012VCT3AB-209F.png
HRO ,2012,Shallow,VCT,HRO /2012 HRO/Shallow/images/HRO091012VCT7AB-195F.png
HRO ,2012,Shallow,VCT,HRO /2012 HRO/Shallow/images/HRO091012VCT8AB-201F.png
HRO ,2012,Shallow,VCT,HRO /2012 HRO/Shallow/images/HRO091012VCT9AB-207F.png
HRO ,2013,Mid,VDL,HRO /2013 HRO/Mid/images/HRO090313VDL5AB-287F.png
HRO ,2013,Mid,VDL,HRO /2013 HRO/Mid/images/HRO090313VDL6AB-288F.png
HRO ,2013,Mid,VDL,HRO /2013 HRO/Mid/images/HRO090313VDL7AB-289F.png
HRO ,2013,Mid,VDL,HRO /2013 HRO/Mid/images/HRO090313VDL8AB-290F.png
HRO ,2013,Mid,VDR,HRO /2013 HRO/Mid/images/HRO090313VDR1AB-283F.png
HRO ,2013,Mid,VDRD,HRO /2013 HRO/Mid/images/HRO090313VDR2AB-284F.png
HRO ,2013,Mid,VDR,HRO /2013 HRO/Mid/images/HRO090313VDR3AB-285F.png
HRO ,2013,Mid,VDR,HRO /2013 HRO/Mid/images/HRO090313VDR4AB-286F.png
HRO ,2013,Shallow,VCT,HRO /2013 HRO/Shallow/images/HRO090313VC1AB-273F.png
HRO ,2013,Shallow,VCT,HRO /2013 HRO/Shallow/images/HRO090313VC2AB-277F.png
HRO ,2013,Shallow,VCT,HRO /2013 HRO/Shallow/images/HRO090313VC3AB-281F.png
HRO ,2013,Shallow,VCB,HRO /2013 HRO/Shallow/images/HRO090313VC4AB -275F.png
HRO ,2013,Shallow,VCB,HRO /2013 HRO/Shallow/images/HRO090313VC5AB-278F.png
HRO ,2013,Shallow,VCB,HRO /2013 HRO/Shallow/images/HRO090313VC6AB-282F.png
HRO ,2013,Shallow,VCT,HRO /2013 HRO/Shallow/images/HRO090313VC7AB-272F.png
HRO ,2013,Shallow,VCT,HRO /2013 HRO/Shallow/images/HRO090313VC9AB-280F.png